Date,Open,High,Low,Close,Shares Traded,Turnover (Rs. Cr)
3-Nov-14,17087,17168.4,16934.85,17134.1,27947948,1997.6
5-Nov-14,17201.45,17425.2,17157.8,17352.95,26884330,2313.87
7-Nov-14,17366.85,17383.6,17202.2,17347.05,27539546,2078.62
10-Nov-14,17364.65,17412,17203,17262.4,18619468,1436.89
11-Nov-14,17266.25,17434.15,17220.45,17390.2,22486483,1805.57
12-Nov-14,17461.45,17635.9,17453.45,17587.05,27093290,2126.71
13-Nov-14,17645.3,17651,17389.65,17453,23662826,2014.64
14-Nov-14,17460.55,17601.15,17410.5,17576.8,27021001,2714.55
17-Nov-14,17571.7,17676.6,17469.25,17640.4,26928513,2918.64
18-Nov-14,17672.85,17750.25,17601.15,17702.55,24168195,2396.84
19-Nov-14,17739.2,17745.7,17557.1,17585.65,19839984,1807.93
20-Nov-14,17649.35,17681.8,17546.7,17645.05,38059457,1934.7
21-Nov-14,17767.75,18139.95,17716.65,18056.3,56331995,3290.41
24-Nov-14,18128.6,18313.1,18119.65,18281.95,40439295,2126.39
25-Nov-14,18261.95,18261.95,17992.5,18037.05,57611224,2730.78
26-Nov-14,17914.35,18128.15,17890.85,17975.95,32391132,1895.92
27-Nov-14,17988.7,18054.65,17898.4,18022.5,44024254,2487.49
28-Nov-14,18082.4,18615.4,18082.4,18513.15,67159535,3499.68
1-Dec-14,18586.95,18676.1,18497,18525.3,43682395,2499.43
2-Dec-14,18434.75,18601.85,18301,18555.85,54738132,2782.67
3-Dec-14,18549.75,18723.65,18518,18645.85,44130903,2368.4
4-Dec-14,18758.8,18793.15,18575.35,18782.85,46278757,2056.97
5-Dec-14,18827.6,18875.45,18706.25,18756.75,41358139,1933.54
8-Dec-14,18804.95,18804.95,18486.55,18510.05,32475946,1507.98
9-Dec-14,18499.95,18585.35,18248.1,18290.65,39683603,1710.9
10-Dec-14,18183.1,18532.9,18183.1,18462.95,47192327,2061.36
11-Dec-14,18427.5,18529.65,18218.4,18405,45844918,2034.58
12-Dec-14,18413.7,18501.75,18236.55,18299.75,38148580,1651.16
15-Dec-14,18176.7,18470.05,18157.25,18372.65,41440078,1897.66
16-Dec-14,18249,18308.95,17776.35,17830.55,63860864,2635.91
17-Dec-14,17762.25,18051.85,17502.45,17865.75,81367367,3305.99
18-Dec-14,18238,18356.3,18109.35,18326.6,56245826,2226.37
19-Dec-14,18545.7,18563.6,18413.75,18478.9,63612345,2565.23
22-Dec-14,18562.35,18801.15,18424,18747.35,39132217,1620.88
23-Dec-14,18746.8,18923.6,18558.5,18603.75,41066755,1733.21
24-Dec-14,18582.75,18709.15,18493.3,18535.35,54661971,2308.86
26-Dec-14,18602.55,18681.75,18448.6,18557.2,29898270,1165.86
29-Dec-14,18589.6,18700.7,18501.05,18528.35,26414596,1065.86
30-Dec-14,18573.25,18671.95,18428.1,18647.55,33793298,1442.86
31-Dec-14,18659.6,18774.2,18659.6,18736.65,27006490,1196.26
1-Jan-15,18728.2,18781.55,18638.85,18750.45,20469847,810.17
2-Jan-15,18752.2,19118.85,18752.2,19057.8,41288039,1713.48
5-Jan-15,19155.2,19166,18987.7,19017.4,36318747,1497.4
6-Jan-15,18874.6,18874.6,18388.35,18430.75,52069776,2124.64
7-Jan-15,18382.55,18482.05,18211.5,18304.25,58241387,2341.58
8-Jan-15,18587.1,18752.3,18486.2,18701.4,47744703,2208.7
9-Jan-15,18845.9,18864,18479.65,18637.25,51848548,2360.78
12-Jan-15,18632,18822.05,18530.1,18795.85,35089936,1429.2
13-Jan-15,18889,18920.65,18642.8,18707.2,44597947,2054.14
14-Jan-15,18670.4,18769.65,18517.9,18603.8,41590949,1849.89
15-Jan-15,19340.45,19410.4,19061.35,19235.65,86507935,3633.25
16-Jan-15,19274.15,19275.8,19108.35,19223.15,64054519,2727.26
19-Jan-15,19345.65,19434.2,19299.1,19406.05,43457730,1841.28
20-Jan-15,19446.8,19808.25,19446.8,19767.05,53748223,2506.48
21-Jan-15,19811.85,19964.95,19803.15,19843.25,70754102,3107.26
22-Jan-15,19898.5,19964.25,19788.7,19917.65,48970464,2088.71
23-Jan-15,20133.85,20167.65,19967.35,20072.7,60572191,2518.75
27-Jan-15,20179.8,20609.25,20098.25,20555.25,54239370,2361.39
28-Jan-15,20507.5,20907.55,20435,20491.75,67840741,3129.13
29-Jan-15,20475.7,20579,20338.95,20528.6,74660443,3311.8
30-Jan-15,20600.65,20600.65,19732.45,19843.75,120252455,4112.58
2-Feb-15,19778.95,19991.4,19564.5,19865.9,90687967,3676.27
3-Feb-15,19941.7,19963.7,19303.5,19382.95,107824150,3966.45
4-Feb-15,19423.25,19423.25,19113.35,19174,81360048,3179.43
5-Feb-15,19170.15,19444.65,18977.9,19051.9,70976148,2647.49
6-Feb-15,19066.25,19119.7,18740.35,18786.7,72602607,2547.37
9-Feb-15,18650,18667.05,18379.6,18403.85,60429342,2079.53
10-Feb-15,18242.95,18933.7,18226.9,18752.5,95139429,3524
11-Feb-15,18890.75,19051.8,18890.75,18940.8,56943797,2057.01
12-Feb-15,19073.45,19176.8,18739.85,19128.6,71078575,2479.52
13-Feb-15,19284.3,19441,19164.25,19369.7,114369392,3822.34
16-Feb-15,19518.85,19532.7,19127.15,19189.95,57732371,2122.5
18-Feb-15,19226.4,19389.8,19171.9,19296.5,46736878,1740.35
19-Feb-15,19296.15,19377.45,18876.25,19188.3,53870593,1956.43
20-Feb-15,19157.3,19307.8,18882.25,19073.55,63838362,2321.42
23-Feb-15,19199.15,19219.75,18835.35,18913.4,51088766,2071.28
24-Feb-15,18940.45,19022.15,18737.75,18883.8,59152218,2395.76
25-Feb-15,18969.2,19069.15,18700.2,18733.05,54229904,2122.15
26-Feb-15,18781.4,18795.1,18489.6,18538.1,76878910,2894.35
27-Feb-15,18659.65,19114.45,18654.85,19074.55,69819276,2581.78
28-Feb-15,19306.5,19776.9,19023.55,19691.2,100390043,4013.78
2-Mar-15,19954.5,20065.5,19750.85,20008.1,76974161,3513.38
3-Mar-15,20043.4,20043.4,19821.55,19961.2,58340797,2359.94
4-Mar-15,20541.65,20541.65,19555.1,19643.9,118684182,4758.11
5-Mar-15,19605.6,19830.35,19398.75,19748,59875106,2436.46
9-Mar-15,19545.25,19545.25,19112.65,19145.55,53042357,2049.83
10-Mar-15,19170.3,19271.8,18915.1,19054.4,57599232,2164.93
11-Mar-15,19050.3,19181.8,18917.9,19044,55360126,2007.31
12-Mar-15,19201.1,19255.9,19095.3,19141.85,41367973,1616.17
13-Mar-15,19359.75,19376.85,18737.35,18779.8,54939717,2009.37
16-Mar-15,18786.65,18912.85,18688,18837.35,48153899,1879.14
17-Mar-15,18961.3,19121.85,18781.5,19058.25,47743992,1758.87
18-Mar-15,19080.25,19234.4,18937.25,19147.25,59060854,2112.6
19-Mar-15,19345.7,19373.45,18739.85,18811.15,51683013,2152.84
20-Mar-15,18778.8,18782.95,18541.5,18606.35,62962667,2394.26
23-Mar-15,18695.05,18696.7,18409.9,18449,42987120,1577.49
24-Mar-15,18348.35,18546.25,18289.75,18331.45,62690934,2321.27
25-Mar-15,18364.3,18433,18271.6,18310.1,53985052,2021.21
26-Mar-15,18138.8,18224.1,17729.1,17831.65,104061184,4444.31
27-Mar-15,18013.65,18092.4,17719.35,18044.8,79498523,2881.25
30-Mar-15,18160.2,18393.25,18089.45,18361.8,50868224,1892.47
31-Mar-15,18424.1,18494.35,18158.55,18206.65,57948741,2023.51
1-Apr-15,18204.55,18668.85,18131.4,18617.85,45673069,1589.69
6-Apr-15,18702.6,18702.6,18455.2,18605.45,47587506,1778.08
7-Apr-15,18666.6,18669.6,18351.8,18469.3,53179556,2022.51
8-Apr-15,18559.55,18595.6,18381.55,18416.6,45753359,1657.73
9-Apr-15,18523.35,18894.75,18401.45,18875.85,72684119,2674.77
10-Apr-15,18869.85,18896.5,18724.95,18800.85,54223553,1938.29
13-Apr-15,18842.25,18890.65,18708.3,18798.25,43773210,1619.82
15-Apr-15,18848.65,19038.5,18615.85,18716.3,66391246,2650.82
16-Apr-15,18731.65,18731.65,18504.7,18637.05,55609375,2228.76
17-Apr-15,18618.5,18625.75,18321.75,18345.55,57298263,2242.75
20-Apr-15,18386.25,18500.3,17984.65,18112.75,57294278,2301.6
21-Apr-15,18102.3,18328.35,18036.9,18105.75,53177130,2098.63
22-Apr-15,18196.85,18297.2,17798.65,18243.7,61974250,2452.83
23-Apr-15,18350.35,18433.8,18143.75,18245.6,56980744,2726.39
24-Apr-15,18290.75,18290.75,17916.8,18001.9,52289660,2100.28
27-Apr-15,18063.6,18075.7,17738.9,17767.6,66541958,2360.94
28-Apr-15,17766.55,18320.1,17766.55,18246.25,77448235,2907.93
29-Apr-15,18255.8,18431.9,18202.4,18302.65,60010265,2353.96
30-Apr-15,18318.85,18430.05,18163.9,18338.1,92163016,3863.55
4-May-15,18417.5,18586.3,18350.95,18501.3,38833685,1454.35
5-May-15,18500,18563.05,18396.8,18471.45,39419171,1844.4
6-May-15,18436.9,18580.1,17757.7,17799.55,66730522,2647.06
7-May-15,17751.4,17751.4,17246.55,17376.9,60253207,2309.36
8-May-15,17600.25,17907.5,17600.25,17796.6,88963421,2861.54
11-May-15,17921.15,18240.65,17841.75,18199.75,108498669,2834.03
12-May-15,18193.55,18193.55,17597.75,17628.65,69364982,2206.9
13-May-15,17779.25,18127.8,17650.35,18097.45,63573496,2280.41
14-May-15,18071,18156.95,17806.1,18116.2,54448233,1859.95
15-May-15,18178.4,18260.3,18108.55,18183.15,63070882,2270.96
18-May-15,18274.6,18439.7,18213.75,18422.95,46167235,1640.83
19-May-15,18364.9,18556.05,18296.75,18380.4,54669360,1979.4
20-May-15,18432.6,18619.6,18432.6,18555.15,42764836,1538.13
21-May-15,18593.85,18603.8,18398.65,18513.15,51708394,1736.47
22-May-15,18560.85,18755.45,18354.55,18433.3,110163572,3388.67
25-May-15,18405.05,18475.55,18302.5,18324.85,52100958,1703.7
26-May-15,18339.1,18378.2,18226,18329.3,35176215,1219.4
27-May-15,18299.65,18561.5,18236.25,18538.85,47772490,1601.13
28-May-15,18562.75,18639.65,18381.75,18449.2,78588818,2738.15
29-May-15,18486.4,18751.2,18461.45,18721.35,58085375,2009.08
1-Jun-15,18721.15,18832.5,18598.7,18617,35755937,1352.68
2-Jun-15,18656.05,18656.05,17932.3,17977.3,66799306,2331.6
3-Jun-15,17978.15,17978.15,17567.2,17721.4,73475921,2506.46
4-Jun-15,17757.35,17777.9,17469.65,17719.2,68045447,2316.6
5-Jun-15,17679.9,17786.5,17506.25,17549.25,59916302,2135.17
8-Jun-15,17542.5,17561.4,17358.45,17432.6,61733263,2014.79
9-Jun-15,17413.45,17560.5,17392.95,17489.9,57344058,1928.03
10-Jun-15,17485.9,17782,17485.9,17707.25,49732467,1851.67
11-Jun-15,17819.6,17821.9,17264.2,17304.4,75497870,2598.88
12-Jun-15,17298.45,17551.35,17174.7,17523.55,56900277,1978.75
15-Jun-15,17499.35,17579,17366.15,17458.7,51230225,1787.9
16-Jun-15,17368.45,17651.9,17293.45,17602.45,47541970,1693.78
17-Jun-15,17681.2,17692.55,17533.45,17584.05,50116633,1830.49
18-Jun-15,17661.9,17797.35,17630.65,17733.55,53456551,1930.96
19-Jun-15,17758.95,17935.3,17730.7,17880.85,45309746,1524.98
22-Jun-15,17956.55,18420.95,17950.6,18334.5,61419191,2154.12
23-Jun-15,18414.55,18499.6,18287.25,18391.35,61660708,2112.19
24-Jun-15,18403.9,18499.75,18304.95,18365.55,50177396,1766.86
25-Jun-15,18312.85,18539.15,18278.7,18492.9,83574982,2822.78
26-Jun-15,18461.6,18461.6,18199.25,18371.5,51902054,1740.31
29-Jun-15,17962.5,18291.75,17821.9,18241.25,56450814,1846.26
30-Jun-15,18204.85,18342.5,18086.8,18296.1,57085356,1978.5
1-Jul-15,18275.6,18629.15,18261.9,18581.6,58558613,2034.29
2-Jul-15,18605.1,18642.85,18513.3,18585.55,46594751,1838.3
3-Jul-15,18535.7,18756.65,18535.7,18729.65,37531821,1423.01
6-Jul-15,18488.35,18855.9,18417.35,18825.15,42769838,1692.4
7-Jul-15,18794.1,18980.65,18713.15,18798.5,46335758,1680.1
8-Jul-15,18579.65,18669.45,18402.85,18463.15,61686240,2520.84
9-Jul-15,18442.15,18584,18409.2,18508.7,40159309,1530.46
10-Jul-15,18584.95,18767.8,18534.55,18719.8,47365522,1655.66
13-Jul-15,18753.8,18929.2,18657.6,18893.55,44253570,1920.38
14-Jul-15,18913.75,18940.85,18734.4,18780.2,41870853,1554.23
15-Jul-15,18801.5,18894.9,18773.9,18816.25,39321890,1278.66
16-Jul-15,18870.5,19195.4,18867.5,19168.05,59754376,2629.76
17-Jul-15,19175.3,19229.05,19069.3,19094.7,37799797,1540.99
20-Jul-15,19126.1,19149.05,18852.7,19032.7,57348699,1474.65
21-Jul-15,19042.95,19101.5,18702.45,18723.4,40091629,1456.01
22-Jul-15,18683.3,19038.15,18613.6,18997,45250592,1661.48
23-Jul-15,18990.85,19091.45,18819.25,18865,41291991,1521.39
24-Jul-15,18832.45,18860.75,18613.55,18635.85,59850422,2291.52
27-Jul-15,18566.55,18566.55,18187.45,18213.05,48338057,1715.4
28-Jul-15,18250.65,18379.1,18174.2,18282.8,92774462,2575.39
29-Jul-15,18331.55,18383.65,18264.3,18323.4,54583692,1922.34
30-Jul-15,18383,18521.75,18367.2,18440.4,106468416,2892.59
31-Jul-15,18489.85,18828.85,18474.8,18729.85,117407559,3649.78
3-Aug-15,18782.65,19016.4,18782.65,18914.7,94100555,2911.08
4-Aug-15,18968.25,19067.35,18758.9,18972.6,104132738,3200.31
5-Aug-15,19047.3,19103.7,18868.65,18928.55,67018432,1960.65
6-Aug-15,18946.3,19100.55,18830.4,19029.35,59517717,1832.47
7-Aug-15,18992.8,19019.65,18849.15,18893.55,41653570,1299.91
10-Aug-15,18926.1,19071.35,18781.3,18875,43121213,1446.95
11-Aug-15,18918.55,18918.55,18555.5,18616.9,76413031,2272.9
12-Aug-15,18515.2,18515.2,18034.75,18059.75,68321743,2143.2
13-Aug-15,18211.5,18359.25,18080.5,18175.4,56495503,1878.94
14-Aug-15,18275.5,18766,18193.1,18723.6,68472344,2189.85
17-Aug-15,18763.05,18896.45,18580.65,18822.05,122687958,3249.4
18-Aug-15,18862.15,18874.1,18595.5,18780.85,81705775,2363.47
19-Aug-15,18753.45,18803.5,18636.1,18703.25,54367547,1719.95
20-Aug-15,18533.25,18711.35,18219.9,18283.1,76744606,2633.36
21-Aug-15,17978.25,18118.8,17842.1,18057.2,86612685,3061.52
24-Aug-15,17446.35,17446.35,16740.7,16811.8,138307572,4458.02
25-Aug-15,17084.15,17269.15,16670.55,17192.75,123179428,3659.72
26-Aug-15,17113.1,17172.2,16875.5,16917.65,83956178,2370.31
27-Aug-15,17175.65,17249.5,17061.85,17214.4,115472196,3573.28
28-Aug-15,17425.3,17569.8,17099.8,17211.95,76587431,2548.57
31-Aug-15,17137.25,17353.3,17028.9,17146.55,69185388,2015.18
1-Sep-15,16983.8,16983.8,16436.85,16530.3,82805160,2561.32
2-Sep-15,16703.95,16714.5,16218.65,16252.7,92263285,2721.1
3-Sep-15,16404.95,16607.4,16320.55,16555.4,67618554,2045.04
4-Sep-15,16444.2,16444.2,15933.15,16129.1,88284844,2544.32
7-Sep-15,16222.2,16273.35,15762.2,15790.1,70985097,2071.52
8-Sep-15,15888.5,16419,15819.55,16350.95,82216809,2722.37
9-Sep-15,16658.35,16781.55,16462.45,16631.5,86171475,2809
10-Sep-15,16351.75,16711.55,16192.25,16597.65,62602462,1936.25
11-Sep-15,16682.25,16781.15,16518.8,16612.6,62307225,1883.93
14-Sep-15,16596.5,16937.9,16525.15,16911.8,50037659,1632.82
15-Sep-15,16905.8,16919.45,16681.55,16739.55,62041195,2006.14
16-Sep-15,16885.2,17015.75,16780.15,16964.85,56132969,1918.47
18-Sep-15,17184.25,17602,17156.2,17409.15,101963107,3490.04
21-Sep-15,17186.05,17571.3,17178.85,17542.9,54440559,1755.03
22-Sep-15,17574.6,17652.35,16946.25,17031.15,66788167,2106
23-Sep-15,16783.8,17309.7,16759,17255.3,62555647,2058.16
24-Sep-15,17206.1,17283.1,17070.55,17196.65,57933912,2058.28
28-Sep-15,17286.25,17384.75,17073.95,17100.3,44270111,1610.18
29-Sep-15,16859.75,17461.35,16648.3,17281.2,121822683,4146.63
30-Sep-15,17404.75,17449.85,17100.2,17216.3,69972702,2451.94
1-Oct-15,17362.95,17390.6,17111.65,17150.2,47938874,1672.66
5-Oct-15,17373.55,17699.75,17362.7,17674.05,63887128,2219.7
6-Oct-15,17822.7,17827.15,17493.75,17605.35,54328513,1785.8
7-Oct-15,17577.5,17674.55,17500.35,17616.8,50519627,1781.59
8-Oct-15,17622.85,17622.85,17401.2,17474.3,50874056,1739.83
9-Oct-15,17640.4,17749.55,17498.45,17590.25,56206754,2061.15
12-Oct-15,17642.6,17759.8,17546.95,17583.15,51852861,1486.42
13-Oct-15,17530.55,17632.25,17473.7,17554.85,42876621,1378.63
14-Oct-15,17453,17598.1,17434.05,17543.25,36203784,1182.98
15-Oct-15,17604.45,17752.7,17582.85,17686.1,45583753,1558.44
16-Oct-15,17701.5,17947.75,17583.55,17912.85,47119014,1583.34
19-Oct-15,17911.65,17954.9,17817.95,17855.05,33082057,1094.46
20-Oct-15,17843.65,17940.4,17755.65,17830.25,43600373,1418.03
21-Oct-15,17814.55,17891.75,17565.35,17710.55,75991251,1585.71
23-Oct-15,17859.75,17980.5,17852.55,17934.05,52769531,1641.27
26-Oct-15,18027.1,18029.05,17798.65,17815.05,48475058,1510.58
27-Oct-15,17738.45,17855.35,17738.45,17806.3,44418165,1729.55
28-Oct-15,17589.35,17682.45,17281.4,17373.15,88770165,3350.25
29-Oct-15,17388.4,17400.2,17178.85,17212.2,83585173,3212.52
30-Oct-15,17249.9,17399.1,17170.35,17354.5,76279136,2769.24
2-Nov-15,17351.45,17372.25,17208.95,17340.6,48711521,1592.49
3-Nov-15,17436.5,17466.2,17265.05,17325.6,44370782,1520.72
4-Nov-15,17449,17449,17175.65,17221.05,41020104,1306
5-Nov-15,17166.45,17166.45,16957.35,16995.1,46706567,1516.61
6-Nov-15,17003,17143.6,16911.6,17086.5,120185655,2901.44
9-Nov-15,16667.9,17069,16587.25,17003,80562033,2519.91
10-Nov-15,16895.2,17047.3,16805.05,16836,60864871,1692.89
11-Nov-15,16944.7,17016.8,16935.9,16956,10972178,393.04
13-Nov-15,16829.3,16962.55,16741.8,16932.85,47160823,1655.74
16-Nov-15,16881.65,17230.5,16855.5,17184.9,50710286,1543.3
17-Nov-15,17302.55,17302.55,17028.2,17140.45,53695877,1608.57
18-Nov-15,17108.9,17186.7,16787.55,16812.1,44250311,1342.1
19-Nov-15,16944.35,17110.35,16874.7,17071.9,42911555,1427
20-Nov-15,17022.7,17262.85,16931.3,17055.6,56529641,1862.49
23-Nov-15,17120.25,17126.35,16969.35,17060.25,45465543,1430.55
24-Nov-15,17012.85,17108.4,16964.9,16988.65,39690936,1265.36
26-Nov-15,16988.2,17111.45,16972.6,17036.55,74810537,2690.8
27-Nov-15,17095.2,17403.65,17049.55,17370.95,70130117,2097.43
30-Nov-15,17336.25,17498.35,17336.25,17430.4,57553672,1861.22
1-Dec-15,17456.75,17495.45,17353.85,17398.55,40750147,1395.83
2-Dec-15,17457.15,17470.85,17164,17218.5,40854274,1263.18
3-Dec-15,17137.8,17219,17080.25,17110.1,41691597,1323.84
4-Dec-15,17009.45,17009.45,16880.35,16897.3,47280436,1522.98
7-Dec-15,17018,17031.85,16921.75,16947,34913097,1162.91
8-Dec-15,16888.65,16943.05,16783.65,16801.15,43130595,1340.55
9-Dec-15,16762.15,16868.6,16626.55,16660.75,41301150,1274.24
10-Dec-15,16697.2,16745.25,16573.15,16711.05,50821530,1699.95
11-Dec-15,16751.35,16758.7,16260.1,16342.5,79358482,2386.65
14-Dec-15,16212.4,16440.85,16205.8,16350.65,60757601,1861.6
15-Dec-15,16342.35,16425.15,16188.05,16398.65,56408351,1714.81
16-Dec-15,16464.5,16640.4,16363.9,16579.4,67659792,1985.14
17-Dec-15,16704.05,16771.8,16544.65,16741.5,72117905,2081.73
18-Dec-15,16719.45,16737.7,16572.75,16594.3,68363392,2030.29
21-Dec-15,16593.4,16848.6,16580.65,16825.15,43038799,1256.07
22-Dec-15,16810.7,16946.1,16704.15,16749.2,55650655,1569.96
23-Dec-15,16828.35,16913.15,16812.5,16882.5,37200425,1077.83
24-Dec-15,16926.95,16939.6,16756.9,16811,27091752,807.26
28-Dec-15,16843.4,17019,16843.4,16979.15,41135712,1365.1
29-Dec-15,16988.3,17045.55,16921.15,16991.45,36299594,1153.71
30-Dec-15,16997.5,17011.3,16889.05,16917.9,40935766,1101.5
31-Dec-15,16916.05,16972.25,16896.65,16922.2,59187548,1742.66
1-Jan-16,16932.5,17067.45,16824.05,17039.25,29215687,842.48
4-Jan-16,16966.35,16966.35,16575.45,16599.15,52324127,1541.5
5-Jan-16,16652.05,16670.2,16474.85,16542.5,53646729,1398.28
6-Jan-16,16505.45,16614.95,16377.65,16433.15,55221322,1497.85
7-Jan-16,16256.55,16256.55,16049.75,16073.85,76230933,2123.7
8-Jan-16,16135.4,16229,16104.1,16142.65,53483569,1559.14
11-Jan-16,15979.05,16156.8,15840.6,16016.25,67298931,1807.79
12-Jan-16,16080.4,16080.4,15699.4,15734.8,98499719,2317.63
13-Jan-16,15835.05,15956.25,15532.25,15871.85,113380181,2788.44
14-Jan-16,15612.1,15803.2,15453.4,15609.8,81791556,2078.88
15-Jan-16,15621.85,15650.7,15154.35,15206.3,98894244,2370.35
18-Jan-16,15165.2,15270.4,14956.95,15020.8,121191177,2858.69
19-Jan-16,15086.75,15338.2,15086.75,15269.65,85097353,2244.94
20-Jan-16,15059.5,15533.45,14754.65,14935.5,92651950,2387.1
21-Jan-16,15132.2,15364.6,14918.15,15101.2,109781594,2868.71
22-Jan-16,15343.15,15575.65,15274.9,15497.55,87614131,2171.13
25-Jan-16,15667,15682.65,15495.1,15561.15,66198778,1818.37
27-Jan-16,15648.4,15673.95,15442.2,15534.6,68640342,1620.28
28-Jan-16,15569.55,15572.2,15349.75,15381.45,85676389,2253.06
29-Jan-16,15140.15,15554.9,15136.85,15522.4,137127980,3961.51
1-Feb-16,15547.75,15565.5,15281.35,15314.45,101914265,2931.57
2-Feb-16,15353.6,15463.45,15018.85,15068,117353243,2840.84
3-Feb-16,14897.4,14947.8,14777.75,14834.05,84639389,2169.51
4-Feb-16,14969.2,14978.35,14761.4,14869.15,91114395,2315.65
5-Feb-16,14928.25,15211.9,14890.9,15162.05,97272505,2486.58
8-Feb-16,15206.3,15367.9,14960.1,15046.8,89200251,2170.65
9-Feb-16,14830.4,14964.9,14760.8,14875.1,104650249,2188.07
10-Feb-16,14740.2,14779.15,14490.2,14588.45,125483478,2671.87
11-Feb-16,14518.65,14530.8,13969.85,14028.55,177103186,3557.95
12-Feb-16,14088.6,14154.55,13810.6,13971.5,159082790,3869.88
15-Feb-16,14120.9,14548.15,14120.5,14445,173684225,3623
16-Feb-16,14602.25,14602.25,14136.8,14166.45,122479893,2661.57
17-Feb-16,14165.25,14186.1,13892.1,14119.85,132908648,2737.11
18-Feb-16,14301.75,14385.65,14180.9,14298.15,108987470,2402.51
19-Feb-16,14243.45,14395.85,14207.35,14344.2,99325491,2016.18
22-Feb-16,14331.2,14467.15,14322.65,14384.8,68267346,1536.4
23-Feb-16,14373.3,14373.3,13961.75,14008.35,81430644,1965.76
24-Feb-16,13873.7,13974.5,13760.25,13794.05,92126868,2031.46
25-Feb-16,13844.45,13844.45,13519.9,13555.7,107787803,2375.44
26-Feb-16,13715.1,13889.25,13595.2,13791.45,102344200,2155.84
29-Feb-16,13818.9,14222.3,13407.25,13946.4,262463001,6538.28
1-Mar-16,14064.8,14445.7,14064.8,14412.9,99318596,2340.78
2-Mar-16,14770.35,15138.7,14767.3,15092.45,176235867,3966.29
3-Mar-16,15150.05,15206.25,15000.05,15177.75,106177314,2659.42
4-Mar-16,15243.75,15451.75,15005.5,15339.2,131358681,2755.33
8-Mar-16,15323.45,15326.65,15066.5,15146.5,93409280,2172.12
9-Mar-16,15022.35,15331.25,14989.4,15279.05,103166377,2532.39
10-Mar-16,15347.45,15354.15,15098.5,15180.65,71231660,1842.52
11-Mar-16,15133.75,15343.55,15024.8,15168.2,76974856,2153.88
14-Mar-16,15309.05,15416.15,15220.15,15277.8,62568481,1651.96
15-Mar-16,15310.45,15386.85,15268.1,15326.8,75740344,2008.44
16-Mar-16,15304.35,15489.5,15178.3,15461.7,80437373,2070.96
17-Mar-16,15622.3,15704.75,15312.5,15444,103772808,2858.64
18-Mar-16,15485.8,15678.55,15456.2,15654.85,71783060,1896
21-Mar-16,15735.55,15945.8,15735.55,15926.1,73595488,1979.57
22-Mar-16,15930.45,15967.85,15779.15,15936,58606010,1669.75
23-Mar-16,15884.25,15919.6,15799.95,15887.75,64078807,1982.19
28-Mar-16,15867.75,15890.7,15522.2,15604.9,83527683,2658.69
29-Mar-16,15583.1,15774.1,15580.8,15666.25,69537187,1823.03
30-Mar-16,15829.6,16167.5,15762.2,16134.85,93824682,2461.58
31-Mar-16,16134.4,16282.75,16062.05,16141.65,161944757,4080.61
1-Apr-16,16099.65,16235.8,16020.6,16174.9,90417981,2174.55
4-Apr-16,16236.9,16278.5,16046.5,16190.6,72458835,1912.58
5-Apr-16,16127.45,16147.15,15659.75,15695,125878076,3117.87
6-Apr-16,15750.15,15768.55,15578.55,15636.95,71126678,1853.86
7-Apr-16,15668.95,15726.6,15458.05,15530.75,70929338,1645.12
8-Apr-16,15519.3,15642.7,15483.05,15568.35,53833509,1396.16
11-Apr-16,15623.35,15853.85,15440.25,15818.5,72003720,1773.01
12-Apr-16,15809.1,15958.8,15794.15,15880.2,66751340,1648.47
13-Apr-16,16087.95,16349.7,16080.55,16278.55,84613287,2362.26
18-Apr-16,16328.7,16330.55,16011.9,16222.7,63260117,1846.69
20-Apr-16,16299.5,16386.35,16160.55,16349.7,85634855,2166.91
21-Apr-16,16526.55,16769.55,16526.55,16637.15,149128885,3646.44
22-Apr-16,16641.05,16755.85,16549.1,16703.4,117886991,2835.84
25-Apr-16,16746.95,16767.9,16605,16678.65,80059352,2003.6
26-Apr-16,16647.75,17029.85,16572,17002.55,104748280,3051.26
27-Apr-16,16869.35,16995,16827.35,16872.95,127303882,4530.95
28-Apr-16,16885.8,17023.35,16692.7,16716.9,136491989,4343.04
29-Apr-16,16712.95,16841.3,16527.55,16795,138730300,3571.79
2-May-16,16614,16674.15,16519.55,16543,101321996,2491.46
3-May-16,16570.75,16719.4,16358.4,16388.7,90747922,2221.84
4-May-16,16320.1,16465.6,16250.5,16274.25,114513664,2742.03
5-May-16,16292.4,16398.25,16193.7,16281,90435449,2488.23
6-May-16,16264.45,16346.25,16186.25,16296.6,74991308,1712.86
9-May-16,16357,16712.9,16357,16686.1,75762620,2373.13
10-May-16,16710.05,16812.2,16613.9,16784.95,82060322,2263.64
11-May-16,16544.25,16861.95,16518.75,16754.45,110386461,3461.5
12-May-16,16881.25,16962,16779.5,16923.7,86110726,2480.92
13-May-16,16891.7,16891.7,16594.55,16716.9,89058321,2155.87
16-May-16,16744.15,16780.05,16431.65,16737.55,126894276,2890.41
17-May-16,16818.4,16903.35,16738.7,16762.75,99004259,2789.41
18-May-16,16671.7,16759.05,16556.6,16728.95,130870012,2430.36
19-May-16,16725.45,16726.15,16535.75,16565.25,87516244,1995.4
20-May-16,16600.8,16623.2,16455.4,16481.45,73956019,1584.93
23-May-16,16560.15,16604.15,16368,16407.55,69309872,1618.48
24-May-16,16422.35,16501.05,16368.6,16456.65,60212588,1531.44
25-May-16,16600.65,17025.85,16599.05,16997.45,86513208,2190.92
26-May-16,17037.6,17424.05,16971.35,17359.3,134389985,3368.29
27-May-16,17348.35,17543.3,17327.65,17511.8,163233119,3840.31
30-May-16,17580.85,17666.05,17484.8,17520.65,96747582,2371.69
31-May-16,17615.1,17648.25,17462.2,17620.9,115964022,3491.6
1-Jun-16,17670.85,17670.85,17392.85,17423.45,99164561,2547.94
2-Jun-16,17405.15,17596.4,17350.45,17567.8,78335336,2242.66
3-Jun-16,17657.2,17762.05,17649.05,17680.8,89366456,2670.52
6-Jun-16,17710.45,17754.15,17636.9,17671.4,81251372,2190.33
7-Jun-16,17796.55,18000.95,17713.35,17948.15,167578972,4195.31
8-Jun-16,17976.25,17995.8,17855.2,17946.8,123360967,2819.24
9-Jun-16,17955.8,17986.15,17801.55,17887.7,107528433,2437.91
10-Jun-16,17830.2,18051.5,17815.25,17828.6,94174779,2392.43
13-Jun-16,17620.55,17666.55,17527.55,17593.95,72871679,1967.88
14-Jun-16,17698.95,17719.85,17575.95,17672.4,94796689,2072.72
15-Jun-16,17746.05,17943.65,17659.6,17917.9,119252898,2716.96
16-Jun-16,17827.6,17827.6,17545.8,17671.3,132625249,2917.89
17-Jun-16,17772.3,17843.15,17590.75,17696.05,91953442,2295.07
20-Jun-16,17425.8,17779,17425.8,17718.6,110665302,2595.04
21-Jun-16,17761.65,17763.3,17585.65,17619.1,73724929,1760.53
22-Jun-16,17610.1,17755.25,17518.15,17626.05,68941887,1925.78
23-Jun-16,17630.8,17907.5,17611,17892.45,71430195,2007.67
24-Jun-16,17213.85,17459.2,16946.35,17426.05,164607648,4115.86
27-Jun-16,17346.3,17611.2,17346.3,17514.95,89947886,2173.17
28-Jun-16,17497,17626.7,17481.5,17561.55,73838256,1865.7
29-Jun-16,17643.65,17728.95,17580.5,17689.9,60629596,1743.27
30-Jun-16,17825.3,17975.05,17795.9,17935.4,118532313,3306.28
1-Jul-16,18019.7,18074.95,17955.3,17985.65,69395415,1897.16
4-Jul-16,18091.75,18146.35,18054.8,18097.65,88028823,2066.45
5-Jul-16,18122.4,18124.1,17989.6,18004.25,71760436,1729.8
7-Jul-16,18036.3,18146.55,17997.1,18084.9,66110768,1744.02
8-Jul-16,18078.05,18079.2,17910.9,18016.25,71384178,1771.8
11-Jul-16,18268.15,18409.45,18243.3,18390.95,95542728,2683.54
12-Jul-16,18527.85,18684.45,18464.15,18667.6,119959659,3000.57
13-Jul-16,18704.9,18711.6,18546.25,18618.95,91794140,2656.4
14-Jul-16,18633.5,18880.9,18580.2,18863.75,119591064,2708.83
15-Jul-16,18887.9,19016.1,18772.45,18953.65,98893700,2567.28
18-Jul-16,18998.3,19158,18885,18923.4,89841318,2242.05
19-Jul-16,18970.15,19030.05,18833.6,18905.15,119764169,2842.96
20-Jul-16,18896.8,19016.25,18886.3,18968.2,76186713,2036.75
21-Jul-16,18967.4,19000.3,18644.55,18674.3,82995275,2476.38
22-Jul-16,18697.8,18735.4,18551.3,18690.4,98151354,2250.3
25-Jul-16,18594.95,19035.35,18572.1,18989.6,134300249,3500.74
26-Jul-16,18979.1,19044.45,18814.25,18860.85,108819760,3022.24
27-Jul-16,18908.45,19125,18882.4,19021.95,102758926,3614.03
28-Jul-16,19050.4,19126.75,18998.8,19076.55,150822269,3940.03
29-Jul-16,19047.05,19070.15,18912.6,18953.15,84588124,2266.22
1-Aug-16,18896.5,19078.5,18634.4,18740.6,107461841,2913.59
2-Aug-16,18783.6,18866.55,18671.85,18708.25,93802673,2360.14
3-Aug-16,18680.95,18775.4,18542.6,18602,79648244,2267.01
4-Aug-16,18724.9,18724.9,18443.65,18571.7,99891602,2543.99
5-Aug-16,18725.2,18943.15,18708.25,18925.95,86194390,2482.89
8-Aug-16,18986.75,19028.7,18896,18939.45,62653821,1923.87
9-Aug-16,18968.65,19008.15,18838.6,18933.3,80282306,2266.83
10-Aug-16,18966.85,18985.25,18611.25,18647.8,77578944,2171.83
11-Aug-16,18621,18699.2,18537.1,18640.4,101074835,2523.82
12-Aug-16,18698.3,18986.8,18695.5,18963.7,198837215,4945.54
16-Aug-16,19029.1,19062.2,18839.4,19002.15,94800297,2853.88
17-Aug-16,19044.55,19138.35,18966.35,19041.25,81061925,2349.65
18-Aug-16,19087.2,19367.45,19083,19352.8,81431396,2692.4
19-Aug-16,19419,19457.4,19327.2,19414.7,110378474,3000.38
22-Aug-16,19432.6,19493.2,19252.75,19330.25,72766030,2260.39
23-Aug-16,19311.9,19372.65,19246.9,19341.65,75741851,2165.09
24-Aug-16,19358.7,19392.2,19284.35,19355.6,59389952,1807.5
25-Aug-16,19383.7,19432.75,19282.8,19304.25,91833496,3319.88
26-Aug-16,19336.45,19358,19133.9,19195.75,62935384,1988.03
29-Aug-16,19174.45,19247.85,19096.7,19217,56151054,2097.48
30-Aug-16,19306.5,19546.35,19306.5,19531.55,78066462,2862.35
31-Aug-16,19595.9,19823.4,19595.9,19787.6,227835482,12621.85
1-Sep-16,19805.8,19928.2,19738.3,19788.85,73412522,2347.06
2-Sep-16,19830.35,19911.25,19787.6,19883.2,55246832,1827.3
6-Sep-16,19990.95,20459.45,19990.95,20426.2,102450560,3418.91
7-Sep-16,20505.8,20575.8,20376.75,20406.9,182174112,5025.38
8-Sep-16,20439.2,20477.4,20335.2,20417.25,84146556,3133.96
9-Sep-16,20274.75,20349.7,20139.15,20245.3,99503901,4359.51
12-Sep-16,19861.45,19861.45,19735.55,19790.6,97967394,3482.14
14-Sep-16,19757.05,19953.15,19732.15,19909.15,87058786,3004.68
15-Sep-16,19927.6,19955.4,19730.25,19837.55,68388707,2351.11
16-Sep-16,19935.85,20227.2,19783.6,19855.45,139007912,5335.43
19-Sep-16,19892.2,20014.4,19849.65,19906.85,64684600,2681.69
20-Sep-16,19957.35,19964.3,19797.5,19852.3,55715315,2056.31
21-Sep-16,19902.7,19937.85,19749.95,19828.45,62251845,2199.53
22-Sep-16,20153.1,20264.8,19996.9,20109.6,102577164,3200.62
23-Sep-16,20136.75,20137.55,19861.45,19901.8,96847196,3780.62
26-Sep-16,19792.2,19794.15,19568.35,19591.75,73982979,2552.57
27-Sep-16,19652.95,19696.45,19479.15,19518.7,65845836,2254.69
28-Sep-16,19542,19700,19509.65,19653.55,117247682,3074.09
29-Sep-16,19762.3,19793.2,19059.05,19183.65,239435196,9980.19
30-Sep-16,19116,19330.85,19085.2,19285.7,84247936,2589.5
3-Oct-16,19395.55,19611.25,19363.95,19589.05,66410113,2033.38
4-Oct-16,19641.75,19747.45,19527.35,19672.7,113388061,2928.8
5-Oct-16,19801.3,19816.5,19492.8,19536.85,91727046,2529.11
6-Oct-16,19518.55,19570.7,19325.8,19395.05,74619781,2686.28
7-Oct-16,19398.05,19456,19318,19400.1,62681646,1878.7
10-Oct-16,19489.5,19501.45,19351.35,19378.55,40907508,1288.05
13-Oct-16,19295.55,19295.55,18824.4,18954.25,95148972,2977.66
14-Oct-16,19016.7,19053.5,18926.15,19020.15,61797883,1807.64
17-Oct-16,19136.3,19241.75,19002.45,19070.4,123597409,3474.26
18-Oct-16,19174.7,19511.8,19162.85,19495.05,104276455,3331.64
19-Oct-16,19570.05,19576.3,19322.75,19412.1,65347496,2227.07
20-Oct-16,19493.9,19722.85,19479.25,19658.7,97604833,3274.33
21-Oct-16,19636.4,19744,19516.4,19710.9,69230448,2310.21
24-Oct-16,19763.85,19897.85,19751.65,19807.9,77828035,2375.85
25-Oct-16,19907.7,19922.7,19711.95,19834.9,90588204,2477.21
26-Oct-16,19581.7,19725.9,19434.5,19483.6,143827550,4605.88
27-Oct-16,19452,19544.2,19252.1,19514.6,87647894,3276.15
28-Oct-16,19507.85,19589.7,19362,19555.95,68877003,2262.36
30-Oct-16,19657.8,19666.8,19484.65,19523.55,8938951,267.09
1-Nov-16,19578.6,19591.65,19417.3,19458.6,61792854,1992.47
2-Nov-16,19223.5,19296.55,19158.75,19227.9,74364554,2542.39
3-Nov-16,19201.95,19319.65,19119.3,19178.7,65915418,1907.41
4-Nov-16,19223.85,19223.9,18961.15,19058.1,76173129,2300.58
7-Nov-16,19317.85,19378,19233,19356,77290268,2148.35
8-Nov-16,19490.75,19549.45,19322.15,19500.8,83951456,2433.93
9-Nov-16,18270.9,19587.8,18143.7,19518.25,169946993,5102.23
10-Nov-16,19827.5,20283.15,19787.45,20200.25,212502782,5707.96
11-Nov-16,20033.85,20309.65,19704.35,19738.8,197925973,5329.2
15-Nov-16,19808.35,19861.75,19240.45,19289.75,208769377,6018.37
16-Nov-16,19591.25,19611.9,19088.4,19108.1,134590517,4172.68
17-Nov-16,19115.9,19328.75,19009.85,19087.85,106724890,3044.75
18-Nov-16,19180.3,19216.35,18897.1,18959.05,79393592,2272.08
21-Nov-16,19063.8,19075.95,18351.25,18446.4,135622966,3456.39
22-Nov-16,18626.7,18650.5,18322.7,18548.65,119912505,3357.39
23-Nov-16,18660.55,18669.05,18449.7,18540.9,73799835,2142.47
24-Nov-16,18476,18476.35,18215.8,18256.1,120482500,3662.56
25-Nov-16,18377.55,18546.35,18266.6,18507.3,81089308,2347.44
28-Nov-16,18237.2,18471.65,18187.4,18301.45,106884555,3041.05
29-Nov-16,18308.8,18427.4,18188.7,18223.75,81509358,2454.4
30-Nov-16,18306.1,18667.85,18262.5,18627.8,89135261,2853.13
1-Dec-16,18676.75,18713.1,18389.65,18428.45,62882921,1980.14
2-Dec-16,18329.4,18490.5,18163.8,18247.65,84312899,2455.65
5-Dec-16,18245,18434.25,18189.5,18408.9,45765934,1417.16
6-Dec-16,18459.7,18499.75,18365.95,18420.9,55031739,1519.75
7-Dec-16,18515.5,18588.75,17952.6,18234.15,100890980,2738.11
8-Dec-16,18342.6,18558.75,18336.95,18515.45,55661159,1715.5
9-Dec-16,18567.95,18739.65,18432.3,18695.8,75645795,2199.26
12-Dec-16,18616.05,18616.05,18364.05,18392.95,53579188,1551.39
13-Dec-16,18354.1,18492.85,18291.35,18466.05,54727502,1660.6
14-Dec-16,18480.35,18485.45,18322.9,18341.5,56292640,1882.96
15-Dec-16,18143.5,18532,18122.1,18401.15,82787720,2794.29
16-Dec-16,18417.9,18428.45,18268.3,18312.8,81868151,3056.57
19-Dec-16,18258.1,18316.8,18215.5,18257.05,37244360,1174.33
20-Dec-16,18264.1,18274.9,18009.8,18069.4,53850831,1649.45
21-Dec-16,18124.6,18167.15,18043.95,18084.5,45881955,1491.46
22-Dec-16,18027,18029.6,17839.75,17891.45,50280389,1521.6
23-Dec-16,17849.25,17962.3,17819.75,17884,53610316,1594.4
26-Dec-16,17825.5,17860.85,17606.9,17655.55,45887571,1309.95
27-Dec-16,17677.7,17907.35,17616.1,17879.55,50265645,1457.14
28-Dec-16,17929.2,18059.65,17829.15,17876.7,57498370,1692.18
29-Dec-16,17861.45,18053.3,17829.4,18033.15,83313390,2141.23
30-Dec-16,18026.35,18245.75,18016.8,18177.2,54349583,1546.86
2-Jan-17,18242.3,18249,17844.9,17969.6,74444730,1857.24
3-Jan-17,18002.75,18115.05,17830.95,18035.6,64513818,1769.3
4-Jan-17,18037.45,18092.85,17868.9,17891,50508161,1615.85
5-Jan-17,18000.75,18164.05,17977.8,18115.95,68874940,2271.18
6-Jan-17,18168.45,18325.5,18157.3,18264,65919927,2174.59
9-Jan-17,18314.25,18373.1,18256.15,18286.65,42677260,1404.38
10-Jan-17,18351.45,18441.15,18275.75,18409.6,59993426,2012.18
11-Jan-17,18535.35,18889.45,18515.25,18830,102842482,3493.47
12-Jan-17,18885.45,18966.3,18805.85,18873.95,66286062,1982.54
13-Jan-17,18949.7,18952.25,18781.25,18912.1,55762182,1855.3
16-Jan-17,18899.7,19134.5,18865.25,19096.45,59319825,1740.77
17-Jan-17,19128.15,19202.25,18981.85,19067.05,63686033,1862.62
18-Jan-17,19074.85,19276.5,19072.1,19164.5,56898977,1871.38
19-Jan-17,19165.35,19185.3,19046.1,19124.25,83679399,2409.78
20-Jan-17,18996.6,19071.65,18793.05,18820.8,110140976,3855.9
23-Jan-17,18762,18909.65,18722.85,18842.7,97144867,3232.45
24-Jan-17,18931,19054.3,18906.95,19023.5,81717037,3118.62
25-Jan-17,19120.05,19518.45,19114.15,19473.2,131028002,4672.67
27-Jan-17,19588.4,19794.95,19534.9,19708.3,157251635,4654.79
30-Jan-17,19718.8,19767.05,19561.1,19585.25,71178678,2113.37
31-Jan-17,19533.2,19624.1,19435.45,19515.15,67343878,2331.66
1-Feb-17,19522.4,20047.85,19470.95,20020.6,145906975,4549.85
2-Feb-17,20053.95,20146.9,19915.2,20070.3,116963782,3279.64
3-Feb-17,20061.9,20229.65,20009.95,20196.8,113714035,3092.66
6-Feb-17,20307.15,20462.45,20298.05,20371.6,99281709,2853.85
7-Feb-17,20367.3,20426.95,20281.5,20327.25,109432014,2835.6
8-Feb-17,20335.25,20362.8,20070.15,20245.4,85902788,2626.17
9-Feb-17,20312.65,20406.6,20000.35,20151.15,107559620,2763.25
10-Feb-17,20225.75,20310,20167.1,20213.9,117595817,3354.08
13-Feb-17,20273.65,20308.7,20116.9,20251.8,108967330,3171.01
14-Feb-17,20304.5,20314.05,20158.85,20258.1,69832338,2184.7
15-Feb-17,20282.1,20368.2,20115.85,20163.7,74195087,2264.21
16-Feb-17,20243.25,20295.55,20088.2,20243.7,81485552,2495.9
17-Feb-17,20918.45,21042.35,20449.65,20551.35,197061810,17389.12
20-Feb-17,20494.85,20702.6,20472.4,20677.1,66182208,1900.02
21-Feb-17,20695.9,20903.35,20619.25,20860.95,74587721,2472.87
22-Feb-17,20937.6,20958.25,20829.65,20868.45,92261695,3234.58
23-Feb-17,20887.65,21011.9,20828.4,20876.65,95406666,4117
27-Feb-17,20853.45,20853.45,20584.75,20613.05,60499704,2147.48
28-Feb-17,20632.85,20681.3,20560.6,20607.25,76658515,1994.39
1-Mar-17,20698.9,20833.75,20678.75,20783.75,75542256,2221.57
2-Mar-17,20885,20905,20516.9,20560.05,81044163,2531.48
3-Mar-17,20572.85,20580.45,20423.35,20495.6,53179917,1530.14
6-Mar-17,20548.95,20727.5,20532.2,20663.65,56093806,1770.09
7-Mar-17,20685.95,20701.25,20585.95,20627.5,47804156,1672.58
8-Mar-17,20630.15,20715.2,20534.25,20676.55,63112788,2417.86
9-Mar-17,20620.55,20780.25,20603.9,20721.35,59782379,2026.91
10-Mar-17,20825.9,20876.95,20648.8,20727.55,53537238,1964.77
14-Mar-17,21189.85,21274.45,21059.7,21102.7,98698328,3498.01
15-Mar-17,21089.4,21216.9,21063.95,21157.9,75243419,2391.61
16-Mar-17,21237.5,21289.8,21194.25,21249.9,73921069,2310.19
17-Mar-17,21308.45,21336.05,21127.95,21175.05,92308641,3726.23
20-Mar-17,21202.55,21202.55,21084.8,21110.25,50376495,1837.69
21-Mar-17,21110.65,21146.5,20967,21019,72936344,2481.96
22-Mar-17,20815.35,20899,20753.9,20781.35,83727177,3342.31
23-Mar-17,20848.75,20934.75,20775.35,20895.5,60387250,2370.82
24-Mar-17,20987.6,21174.1,20929.15,21122.55,124797100,3469.38
27-Mar-17,21178.1,21179.2,20979.55,21056.9,97615919,2724.96
28-Mar-17,21229,21264.95,21145,21225.4,95258847,3085.11
29-Mar-17,21291.45,21418.6,21255.75,21391.15,119195883,3822.73
30-Mar-17,21374.35,21696,21331.9,21620.7,111132480,4310.1
31-Mar-17,21551.85,21574.15,21414,21444.15,103206746,3006.08
3-Apr-17,21539.2,21565.45,21408.6,21547.75,61067763,1906.61
5-Apr-17,21602.2,21699.3,21499.75,21652.7,84599454,2687.88
6-Apr-17,21572.7,21674,21488.9,21622.95,93689427,3046.09
7-Apr-17,21536.5,21616.85,21397,21431.15,96285404,2249.17
10-Apr-17,21492.05,21552.1,21396.05,21520.15,57491405,1899.75
11-Apr-17,21521.45,21753.35,21483.55,21736.15,89433764,2573
12-Apr-17,21735.65,21787.1,21551.75,21666.8,78966353,2262.2
13-Apr-17,21651.25,21758.85,21627,21686.6,71469667,2103.68
17-Apr-17,21700.5,21743.3,21576.75,21647.6,49031440,1613.7
18-Apr-17,21706.05,21947,21634.15,21671.85,85174794,2519.03
19-Apr-17,21674.1,21706.3,21470.2,21556.35,81449296,2982.23
20-Apr-17,21419.45,21558.85,21396,21491.4,100132829,4072.58
21-Apr-17,21567.5,21614.55,21386.2,21551.45,77253527,3180.14
24-Apr-17,21591.9,21884.85,21578.65,21857.4,84637572,3426.83
25-Apr-17,21960.65,22093.25,21900.3,22054.7,88819491,2951.25
26-Apr-17,22158.65,22276.05,21814.9,22242.85,133893025,3440.25
27-Apr-17,22274.05,22380.85,22169.8,22326.3,166567366,5121.57
28-Apr-17,22296.8,22383,22182.55,22358.25,167782299,3435.87
2-May-17,22412.55,22492.15,22266.15,22341.35,140738147,3271.81
3-May-17,22445.85,22449,22240.05,22307.3,130697797,2999.79
4-May-17,22618.3,22743.7,22449.9,22720.1,226413641,6577.31
5-May-17,22844.85,22853.55,22514,22604.95,255187439,6371.44
8-May-17,22678.45,22835.15,22632.5,22767.35,106479323,3170.57
9-May-17,22820.8,22835.35,22664.35,22707.3,81028829,2350.68
10-May-17,22767.75,22859.4,22742.05,22830.35,73498955,2353.34
11-May-17,22916.05,22977.85,22764.65,22818.45,78856978,2557.6
12-May-17,22840.4,22859.15,22578,22671.7,96397424,4278.32
15-May-17,22735.85,22891.7,22730.35,22821.5,74700041,3207.83
16-May-17,22857.6,22944.1,22727.65,22928.6,134784390,3836.41
17-May-17,22972.35,22978.15,22830.1,22935.95,96263996,3028.04
18-May-17,22750.45,22834.55,22660.2,22698.6,113423012,4013.89
19-May-17,22761.95,22902.25,22628.45,22769.8,154944222,4945.9
22-May-17,22874.8,22918.35,22637.75,22652.85,99779442,3093.31
23-May-17,22674.9,22740.4,22492.2,22582.8,114212196,3364.36
24-May-17,22624.5,22673.4,22469.8,22536.3,91993332,2841.15
25-May-17,22573.65,23267.8,22570.35,23190.8,132711087,4830.6
26-May-17,23151.4,23408.35,23092.35,23362.2,78876968,2631.64
29-May-17,23310.6,23464,23141.15,23182.75,60052384,2070.83
30-May-17,23142.1,23337.15,23093.95,23307.25,66704876,2050.67
31-May-17,23321.2,23469.45,23248.5,23424.8,182918715,5866.26
1-Jun-17,23394.1,23396.15,23224.05,23310.15,81509629,2488.5
2-Jun-17,23435.2,23453.3,23308.4,23375.9,67217648,2138.9
5-Jun-17,23397.4,23494.7,23349.95,23459.65,52203667,1832.18
6-Jun-17,23523.05,23536.1,23381.7,23416.3,54088336,1892.27
7-Jun-17,23482.85,23606.15,23427.55,23567.65,56452419,1793.66
8-Jun-17,23630.35,23659.1,23514.2,23536.1,64825589,2301.45
9-Jun-17,23483.95,23708.65,23476.85,23690.9,58400790,1946.72
12-Jun-17,23610.15,23630.1,23441.8,23470.45,56374007,1752.71
13-Jun-17,23447,23615.2,23446.9,23477.85,47770607,1568.75
14-Jun-17,23555.3,23562.8,23399.4,23498.7,81088281,2706.06
15-Jun-17,23444.7,23473.3,23311.85,23391.75,72763994,2150.2
16-Jun-17,23448.6,23527.65,23391,23502.75,102155200,3301.93
19-Jun-17,23571.35,23806.65,23535.7,23742.15,60483537,2207.29
20-Jun-17,23720.6,23760.35,23651.2,23697.95,71814671,2145.64
21-Jun-17,23638.15,23760.75,23610.2,23708.75,62327766,1879.19
22-Jun-17,23716.85,23897.85,23694.15,23736.1,79042264,2671.82
23-Jun-17,23772.3,23786.5,23507.5,23542.75,74946434,2296.54
27-Jun-17,23636.95,23640.1,23055.75,23216.25,101336046,3170.71
28-Jun-17,23209.55,23322.55,23113.65,23235.85,95524464,3008.65
29-Jun-17,23312.4,23476,23124.35,23227.3,146858174,4341.23
30-Jun-17,23137.25,23254.1,22996.4,23211.2,70715291,2326.93
3-Jul-17,23240.35,23330.1,23144.3,23272.8,51036105,1729.62
4-Jul-17,23325.5,23363.05,23163.7,23214.2,55294067,1740.14
5-Jul-17,23241.9,23380.35,23205.55,23352.6,89709252,1863.29
6-Jul-17,23399.5,23540.15,23369.5,23466.65,130090775,2524.9
7-Jul-17,23463.75,23492.6,23400.6,23449.15,88942526,1922.97
10-Jul-17,23583.25,23964.8,23289.9,23675.05,36606673,704.9
11-Jul-17,23744.55,23744.55,23552.6,23584.6,78963065,2486.24
12-Jul-17,23623.75,23736.55,23523.65,23695.45,69663347,2115.83
13-Jul-17,23817.25,23938,23811,23888.65,84983841,3415.57
14-Jul-17,23949.5,23963.65,23755.95,23937.7,71052482,2242.23
17-Jul-17,24011.4,24066.1,23913.65,24015.05,65783041,1947.9
18-Jul-17,23958.15,24147.45,23942.1,24022.05,75082364,2216.31
19-Jul-17,24069.2,24180.75,24053.7,24152.65,72823157,2589.27
20-Jul-17,24170.65,24299.6,24170.65,24213.35,91515347,3668.17
21-Jul-17,24231.4,24289.3,24066.9,24257.05,65322497,1978.15
24-Jul-17,24307.7,24460.55,24234.65,24420.85,74481260,3185.24
25-Jul-17,24622.9,24624.65,24450.2,24520.7,76545885,2988.16
26-Jul-17,24578.15,24720.9,24484.9,24670.7,132701870,4678.1
27-Jul-17,24857.5,25032.25,24799.4,24922.4,152249420,6518.92
28-Jul-17,24744.55,24859.75,24651.05,24811.3,100038906,4508.13
31-Jul-17,24880.6,25168.1,24828.5,25103.65,130095973,4618.56
1-Aug-17,25152.85,25179.5,25000.9,25122.8,71831819,2830.18
2-Aug-17,25190.4,25198.8,24926.25,25055.2,86354876,2658.97
3-Aug-17,25002.85,25005.15,24619.6,24675.05,88206784,2681.36
4-Aug-17,24629.5,24879.7,24591.8,24827.45,67776967,2226.83
7-Aug-17,24854.15,24979.35,24844.45,24906.35,52223527,1703.9
8-Aug-17,24942.2,24966.05,24534.35,24599.5,70792652,2438.61
9-Aug-17,24519.25,24532.4,24328.1,24374.6,78290219,2396.27
10-Aug-17,24300.45,24326.9,23822.2,24217.35,87718421,2991.1
11-Aug-17,23958.25,24191.2,23868.3,23985.75,157833300,4723.82
14-Aug-17,24051.05,24212.15,24038.15,24115.75,76330838,2457.95
16-Aug-17,24188.75,24461.2,23947.45,24437.7,94859044,3108.17
17-Aug-17,24495.2,24496.2,24121.55,24237.25,69545034,2126.94
18-Aug-17,24125.3,24130.15,23925.95,24074.45,60046818,1848.07
21-Aug-17,24140.55,24258.95,23882.25,23936.5,69872289,2438.35
22-Aug-17,24080.6,24127.45,23852.65,23974.45,70219974,2376.56
23-Aug-17,24084.95,24350,24074.15,24316.8,69104870,2237.97
24-Aug-17,24374.75,24411.05,24224.85,24274.2,72359374,2608.19
28-Aug-17,24351.25,24422.45,24301.35,24377.1,52177374,1685.7
29-Aug-17,24302,24320.95,24103.3,24128.95,60922360,1975.39
30-Aug-17,24253.05,24384.1,24241.3,24308.7,47423550,1608.21
31-Aug-17,24354.35,24354.35,24207.7,24318.4,79848731,2870.65
1-Sep-17,24389.2,24494.35,24319.2,24434,66906837,1827.58
4-Sep-17,24456.3,24459.35,24156.4,24236.85,52531466,1554.69
5-Sep-17,24272.6,24388.05,24256.3,24328.3,47757761,1582.7
6-Sep-17,24192.4,24331.3,24151.1,24279.15,59006554,1996.25
7-Sep-17,24324.85,24413.1,24246.9,24304.9,69696218,2419.01
8-Sep-17,24409.5,24419.25,24273,24370.8,47085077,1785.72
11-Sep-17,24468.5,24735.35,24458.25,24672.25,60804947,2973.08
12-Sep-17,24779.15,24821.35,24653.6,24784.7,66927717,2387.58
13-Sep-17,24818.35,24948.8,24737.8,24831.8,68334647,2053.95
14-Sep-17,24857.25,24994.3,24815.5,24912.25,77726236,2746.95
15-Sep-17,24840.3,24916.85,24791.55,24844.3,114568146,3754.49
18-Sep-17,24948.15,25105.35,24941.75,25046.9,65913355,2319.84
19-Sep-17,25059.75,25103.45,24993,25041.55,60118203,1863.2
20-Sep-17,24984.65,25052.6,24938.3,24965.05,87376241,2610.17
21-Sep-17,24934.1,24992.5,24706.45,24799.25,72279851,2145.8
22-Sep-17,24704.55,24709.7,24340,24368.85,91287072,2875.23
25-Sep-17,24361.55,24363.8,24015.45,24165.05,92662078,3078.06
26-Sep-17,24105.6,24236.95,24017.4,24199.15,66244294,2220.85
27-Sep-17,24308.7,24331.85,23766.6,23812.95,80405424,2548.12
28-Sep-17,23804.05,24074.2,23611.1,24008.15,136679326,5130.27
29-Sep-17,24114,24227.45,24004.8,24053,71703679,2472.66
3-Oct-17,24200.6,24226.8,24007.25,24103.4,66828025,2261.64
4-Oct-17,24124.15,24230.45,24058.65,24113.3,61740801,2015.35
5-Oct-17,24114.75,24188.3,24033.35,24058.05,67125178,2146.7
6-Oct-17,24083.55,24242.05,24074.35,24190,84205169,2506.11
9-Oct-17,24209.55,24311.1,24156.05,24251.9,66557307,1901.84
10-Oct-17,24304.8,24379.75,24273.65,24347.45,62757458,1937.3
11-Oct-17,24411.45,24460.25,24054.25,24107.45,75494487,2241.67
12-Oct-17,24151.45,24393.4,23978.4,24361.25,73274598,2349
13-Oct-17,24411.1,24779.75,24387.8,24689.15,89300075,2661.99
16-Oct-17,24815.4,24878.65,24516.55,24703.05,118314121,3043.5
17-Oct-17,24697.25,24809.15,24571.85,24645.6,-,-
18-Oct-17,24354.75,24454.65,24270.05,24313.75,161557992,5266.25
19-Oct-17,24238.4,24255.3,23923.7,24009.75,-,-
23-Oct-17,24085.45,24151,23912.55,24088.9,97553776,3190.93
24-Oct-17,24141.95,24293.25,24032.65,24222.15,111802359,3651.65
25-Oct-17,24980.65,25157.8,24560.75,25035.9,855272765,24451.16
26-Oct-17,24953.95,25186.05,24864.6,25022.2,432393230,13581.88
27-Oct-17,24887.6,24995.7,24798.65,24839.55,237949256,7212.61
30-Oct-17,24873.65,25064.85,24808.55,24988.55,186719253,5431.39
31-Oct-17,25042.1,25078.65,24948.1,25019.35,156985664,5192.78
1-Nov-17,25197.3,25549.35,25171.75,25490.45,210657047,5748.96
2-Nov-17,25508.4,25598.75,25405.5,25427.3,141562948,3892.7
3-Nov-17,25531.4,25695.5,25394.95,25650.7,209613852,5690.55
6-Nov-17,25569,25694.6,25529.5,25571.15,113274004,3522.05
7-Nov-17,25669.1,25695.75,25248.95,25300.8,142004765,4339.06
8-Nov-17,25375.8,25435.6,25119.5,25184.35,129898237,4361.33
9-Nov-17,25281,25385.2,25166.15,25291.35,107367752,3437.47
10-Nov-17,25250.9,25598.55,25237.2,25498.95,194999284,6170.67
13-Nov-17,25570.25,25611.55,25337.25,25358.3,128569682,4353.19
14-Nov-17,25352.55,25404.8,25223.1,25284.6,109491821,3473.83
15-Nov-17,25241.65,25318.05,25166.35,25218.9,129989778,3765.7
16-Nov-17,25292.9,25496.05,25273.7,25446.6,109711080,3078.71
17-Nov-17,25875.7,25924.9,25679.55,25728.4,151001517,4336.13
20-Nov-17,25733.7,25803.15,25681.7,25768.6,84963946,2806.98
21-Nov-17,25829.3,25871.1,25726.5,25757.5,90303101,2801.27
22-Nov-17,25805.65,25831.95,25665.85,25766.65,102044483,3098.39
23-Nov-17,25826.3,25838.55,25620.95,25736.25,79020195,2607.45
24-Nov-17,25776.6,25849,25749.1,25779.65,70107830,2198.91
27-Nov-17,25693.05,25931.85,25673.5,25891.95,74084777,2335.02
28-Nov-17,25830.45,25953.5,25795.5,25846.4,84399131,2848.45
29-Nov-17,25829.65,25877.75,25746.8,25795.7,74982549,2328.48
30-Nov-17,25693.8,25700.85,25246.85,25332.4,141631632,4652.64
1-Dec-17,25409.55,25441.35,25152.65,25191.95,87545844,2616.4
4-Dec-17,25295.05,25297.2,24993.35,25075.1,75646330,2245.68
5-Dec-17,25030.75,25217.7,24921.3,25124.85,85698111,2548.03
6-Dec-17,25066.3,25077.45,24813.6,24851.8,72791908,2305.27
7-Dec-17,24935.3,25097.4,24875.35,25057.25,60226256,1861.55
8-Dec-17,25145.5,25367.7,25145.5,25321.15,74109991,2643.7
11-Dec-17,25434.75,25448.85,25318.7,25404.85,57217432,1831.26
12-Dec-17,25413.4,25416.2,25108.6,25125.45,81540197,2547.35
13-Dec-17,25118.2,25270.75,24938.55,25000.35,86127346,2666.3
14-Dec-17,25062.4,25205.9,24888.65,25168.2,78224367,2334.37
15-Dec-17,25487.15,25559.05,25411.25,25440.3,117591365,4853.16
18-Dec-17,25181.75,25759.9,24617.15,25594.55,139126828,4276.89
19-Dec-17,25640.9,25757.95,25619.6,25716.2,79480979,2425.56
20-Dec-17,25779.05,25780.05,25566.05,25591.7,119152801,3314.47
21-Dec-17,25608.25,25629.95,25508.9,25554.3,76744356,2385.9
22-Dec-17,25615.6,25694.5,25560.5,25648.55,83031068,2348.24
26-Dec-17,25659.75,25712.95,25545.6,25675.25,60209393,2051.24
27-Dec-17,25652.85,25733.2,25429.55,25496.05,73081341,2086.71
28-Dec-17,25463.6,25561.95,25417.4,25490,111429897,3447.81
29-Dec-17,25484.85,25566.4,25450.25,25539.45,65580984,2235.28
1-Jan-18,25565.75,25588,25271.55,25318.1,57576913,2037.55
2-Jan-18,25382.2,25425.5,25232.8,25338.25,72033811,2270.36
3-Jan-18,25425.75,25454.9,25300.9,25318.6,59730356,1958.21
4-Jan-18,25367.65,25490.35,25310.3,25462.6,105995860,2646.62
5-Jan-18,25524.45,25643.35,25499.55,25601.85,123622612,3188.08
8-Jan-18,25690.25,25771.5,25643.8,25676.1,127527935,2727.53
9-Jan-18,25727.95,25803.8,25617.25,25703.8,101820385,2617.13
10-Jan-18,25709.9,25717.6,25527.5,25617.3,81094270,2168.32
11-Jan-18,25628.2,25694.65,25532.25,25660.9,122695505,2960.91
12-Jan-18,25732.4,25775.15,25557.6,25749.05,110836433,2926.84
15-Jan-18,25858.15,26091.8,25842.95,26069.2,192163936,4226.08
16-Jan-18,26129.15,26136.4,25931.7,25974.9,169867241,3770.65
17-Jan-18,25946.15,26335.85,25922.3,26289.1,172092208,4554.66
18-Jan-18,26762.25,26887.65,26423.75,26537.4,224021671,7050.86
19-Jan-18,26615.65,26957.85,26433.55,26909.5,134390957,4160.2
22-Jan-18,26940.5,27074.9,26841.2,27041.2,113869602,4222.79
23-Jan-18,27089.95,27422.05,27066.15,27390.6,169332288,5229.45
24-Jan-18,27310.15,27479.25,27219.45,27398.55,174331160,4734.19
25-Jan-18,27414.1,27522.85,27151.75,27445.65,193342305,6057.2
29-Jan-18,27446.1,27652.05,27407.4,27498.45,114099251,3779.23
30-Jan-18,27466.85,27470.25,27242.05,27269.05,111009534,3453.72
31-Jan-18,27136.25,27455.75,27116.95,27379.45,109507598,3640.41
1-Feb-18,27334.85,27613.5,27046.35,27220.7,131188028,4790.53
2-Feb-18,27017.4,27017.55,26364.05,26451.15,147521488,4330.16
5-Feb-18,25968.15,26215.1,25917.55,26098.75,122729724,3842.46
6-Feb-18,25140.1,26140.6,25023.85,25811.3,153713739,4777.31
7-Feb-18,26065.4,26078.4,25558.05,25670,121038215,3663.61
8-Feb-18,25759.85,26126.4,25637.4,25920.65,91011548,2686.18
9-Feb-18,25466.3,25598.3,25371,25463.65,75985052,2520.27
12-Feb-18,25530.1,25757.85,25485.4,25701.6,161180184,4127.51
14-Feb-18,25810.25,25810.25,25212.35,25341.25,197286979,4757.09
15-Feb-18,25360.9,25615.15,25295.15,25424.35,291475391,6015.58
16-Feb-18,25511.95,25601,25100.9,25163.9,278142760,5275.87
19-Feb-18,25324.6,25326.05,24824.55,25058.55,273464127,5217.27
20-Feb-18,25105.55,25158.1,24829,24874.4,258222746,4721.89
21-Feb-18,24996.6,24999.7,24796.35,24936.7,152405865,3527.6
22-Feb-18,24812.7,24987.05,24781.7,24955.2,167442673,4865.92
23-Feb-18,25002.25,25345.15,24962.85,25302.5,127862871,2800.1
26-Feb-18,25452,25722.15,25381.2,25687.9,110903837,2678.89
27-Feb-18,25684.6,25723.55,25356.4,25383.6,289806608,4594.31
28-Feb-18,25116.25,25192.95,24942,25107.4,311474002,5010.14
1-Mar-18,25022.35,25226.05,24854.4,24902.55,214529321,4160.86
5-Mar-18,24831.35,24873.05,24682,24818.7,138679764,3083.52
6-Mar-18,24964.1,25040.25,24362.05,24448.45,135108832,3586.37
7-Mar-18,24333.85,24373.4,24096.75,24134.1,187523331,4460.36
8-Mar-18,24273.9,24534.5,24048.55,24477.65,169549517,4215.95
9-Mar-18,24556.95,24564.75,24259.7,24296.45,-,-
12-Mar-18,24443.6,24716.05,24358.5,24664.2,165215227,3391.7
13-Mar-18,24624.6,25009.65,24597.55,24738.65,235984528,4796.93
14-Mar-18,24629.65,24894.3,24487,24851.65,209048209,3970.26
15-Mar-18,24854.3,24939.85,24732,24791.85,130382242,2965.53
16-Mar-18,24753.65,24785.35,24439.15,24489.55,189684825,4972.47
19-Mar-18,24530.15,24588.05,24186.95,24245.1,147614260,3469.57
20-Mar-18,24133.95,24355.65,24082.95,24168.2,127991875,2880.1
21-Mar-18,24331.3,24459.75,24208.65,24255.6,-,-
22-Mar-18,24252.95,24314.4,24094.85,24141.5,131439602,3671.41
23-Mar-18,23785.65,23796.3,23605.6,23670.4,180649286,5169.06
26-Mar-18,23674.9,24290.65,23657.05,24244.35,193627423,5403.07
27-Mar-18,24396.4,24496.95,24266.4,24434.15,178620655,4150.3
28-Mar-18,24299.5,24361,24203.4,24263.35,183841858,5211.9
2-Apr-18,24235.65,24373.4,24062.95,24328.5,-,-
3-Apr-18,24285.95,24538,24254.35,24510.6,-,-
4-Apr-18,24502.5,24666.3,24087.8,24129.5,126222576,3124.06
5-Apr-18,24394.45,24824.9,24380.85,24759.8,133764907,3277
6-Apr-18,24776.35,24933.6,24626.4,24873.15,160970708,3373.86
9-Apr-18,24848.85,25152.85,24828,25093.8,-,-
10-Apr-18,25153.6,25279.9,25120.2,25226.8,171760040,4700.75
11-Apr-18,25198.35,25207.05,24950.3,25098.25,107073367,2600.16
12-Apr-18,25076.9,25244.8,24969.4,25195.1,111777276,2910.3
13-Apr-18,25239.65,25411.3,25076.85,25200.6,110293693,3092.82
16-Apr-18,25082.1,25348.55,25067.35,25320.85,89034228,2419.76
17-Apr-18,25383.75,25402.55,25224,25334.45,89721865,2271.22
18-Apr-18,25426.75,25426.75,25058.75,25102.3,-,-
19-Apr-18,25206.45,25207.3,25049.7,25126.15,95466036,2862.17
20-Apr-18,25126.8,25126.8,24839.3,24943.85,109581669,3213.87
23-Apr-18,25065.5,25084.15,24466.1,24960.65,82787891,2792.74
24-Apr-18,24972.2,25123.45,24955,25042.1,87396011,2569.82
25-Apr-18,24993.4,24993.4,24734.6,24814.4,81840418,2183.16
26-Apr-18,24833.2,25064,24753.4,25010.9,173426201,5472.93
27-Apr-18,25030.15,25441.5,25029.65,25394.6,232368278,7611.56
30-Apr-18,25490.15,25617.5,25464.8,25531.6,124580678,4038.16
2-May-18,25607.05,25716.75,25499.35,25568.3,117929750,4671.44
3-May-18,25547.9,25653.45,25469.05,25605.25,100388024,3153.73
4-May-18,25632.3,25680.4,25537.7,25645.4,97343104,2601.08
7-May-18,25676.25,25913.5,25675.15,25852.05,92743092,2919.95
8-May-18,26074.15,26116.25,25954.6,26090.5,198848914,5933.21
9-May-18,25988.1,26206.5,25946.3,26154.45,96440863,2809.4
10-May-18,26216.1,26266.4,26057.2,26131,214481883,4182.07
11-May-18,26173.7,26437.25,26099.85,26413.15,109005797,2559.59
14-May-18,26404.45,26565.4,26338.05,26475.15,97254252,2350.74
15-May-18,26494.9,26972.05,26407.3,26474,150002630,3797.98
16-May-18,26269.35,26428.35,26102.15,26182.15,232083519,4137.85
17-May-18,26233.2,26283.55,26012,26073.8,126926383,2743.08
18-May-18,26025.6,26032,25839,25875.6,113573727,2898.79
21-May-18,26017.5,26066.75,25685.35,25750.8,120004208,2859.7
22-May-18,25780.25,25945.65,25701.35,25777.7,179388885,3854.09
23-May-18,25726.95,25903.9,25622.15,25684.95,170573849,4225.48
24-May-18,25722.9,26073.1,25658.4,26016.8,110029603,2831.27
25-May-18,26066.75,26325.55,26031.45,26273.55,98939554,2451.82
28-May-18,26291.65,26713.65,26273.9,26614.25,136868774,3135.71
29-May-18,26567.25,26570.95,26221.1,26254.8,106152966,2563.9
30-May-18,26039.9,26405.45,25980.85,26327.8,118974102,3093.1
31-May-18,26587,27164.55,26354.55,26956.2,318900279,7879.98
1-Jun-18,26913.4,26996.8,26658.55,26692.8,132336254,4017.91
4-Jun-18,27023.7,27047.55,26205.9,26257.55,137561064,7188.74
5-Jun-18,26263,26342.4,26069.55,26251,107940100,3169.87
6-Jun-18,26266.9,26425.2,26147.8,26367.6,144159415,3007.56
7-Jun-18,26577.95,26766.95,26483.9,26517.8,131294980,3421.62
8-Jun-18,26457.25,26481,26284.2,26451.35,115660362,2840.81
11-Jun-18,26473.2,26653,26421.95,26453.55,144115066,3245.59
12-Jun-18,26566.6,26656.45,26449.85,26607.1,132109351,3130.92
13-Jun-18,26721.95,26765.45,26598.2,26642.8,116844183,3247.43
14-Jun-18,26612.3,26623.25,26503.1,26562.25,99120546,3053.24
15-Jun-18,26513.7,26586.4,26344.95,26417.4,147563095,4291.75
18-Jun-18,26444.3,26477.5,26322.45,26409.3,101362059,2768.39
19-Jun-18,26448.1,26448.1,26224.75,26265.75,112377787,3350.41
20-Jun-18,26320.45,26574.75,26309.95,26557.7,105129754,2731.02
21-Jun-18,26645.3,26682.95,26454.95,26496.95,122194668,3194.16
22-Jun-18,26518.4,26806.55,26364.25,26766.85,127690793,2984.13
25-Jun-18,26718.15,26804.9,26573,26609.7,89753825,2294.57
26-Jun-18,26495.65,26712.6,26479.65,26601.7,97355424,2542.42
27-Jun-18,26616.3,26634.3,26336.5,26423.4,124787831,3704.42
28-Jun-18,26398.1,26487.85,26161,26324.6,242245847,5891.37
29-Jun-18,26312.7,26465,26291.35,26364.2,128238510,3866.66
2-Jul-18,26364.45,26371.6,26060.6,26230.3,174872280,4472.48
3-Jul-18,26210.1,26316.1,26142,26204.1,104588044,2547.8
4-Jul-18,26249.25,26480.5,26132.9,26433.95,82888322,2201.98
5-Jul-18,26481.55,26598.45,26415.2,26503.3,91431872,2632.52
6-Jul-18,26427.55,26609.85,26410,26493.85,120291139,3037.92
9-Jul-18,26642.35,26781.2,26611.55,26753.3,101833058,2986.56
10-Jul-18,26844.55,26939.55,26778.5,26894.55,103574099,3700.96
11-Jul-18,26900.65,26938.85,26774.6,26816.2,91728787,2611.23
12-Jul-18,26937.5,27164.8,26936.05,27026.55,108520112,2970.49
13-Jul-18,27046.85,27102.35,26902.3,26935.95,102571130,2814.78
16-Jul-18,26914.5,26939.05,26643.95,26679.8,105758457,2848.73
17-Jul-18,26662.85,27041.35,26653.65,27008.1,217931631,3847.03
18-Jul-18,27107.35,27187.15,26834.45,26880.9,192207622,4231.03
19-Jul-18,26960.2,27025.45,26730.1,26789.65,130746919,3820.62
20-Jul-18,26764.4,26946.55,26718.6,26873.2,84205472,2800.09
23-Jul-18,26701.3,27040.1,26671.35,27008.15,125717272,3638.84
24-Jul-18,26984.15,27128,26868.15,26974.4,115100157,2833.32
25-Jul-18,26992.55,27074,26939.35,27031.3,100793998,3015.78
26-Jul-18,27054.7,27455.1,27045.05,27406.4,256486512,7635.5
27-Jul-18,27497.8,27661.05,27455,27634.4,215768964,5073.75
30-Jul-18,27767.65,27873.7,27607.95,27842.6,308460689,6975.01
31-Jul-18,27797.2,27839.2,27651.3,27764.15,185189252,5102.6
1-Aug-18,27684.8,27820.15,27477.9,27596.6,152825700,3734.84
2-Aug-18,27469.5,27487.9,27327.95,27355.95,119103729,3215.97
3-Aug-18,27471.95,27723,27448.15,27695.5,164821344,4529.27
6-Aug-18,27769.55,27994,27766.05,27898.5,184016610,5115.36
7-Aug-18,27972.95,27988.2,27827.3,27875.9,249213872,5160.75
8-Aug-18,27930.55,28128.65,27858.75,28062.45,149989901,3628.81
9-Aug-18,28173.65,28363.4,28132,28320,254180287,7260.85
10-Aug-18,28348.95,28377.9,28087.65,28124.25,285470698,7773.78
13-Aug-18,27760.8,27911.85,27739.5,27794.4,165765211,4690.84
14-Aug-18,27864.4,28053.05,27854.9,28021.7,116466884,3336.18
16-Aug-18,27836.15,28013.1,27779.5,27826.55,185103463,5983.13
17-Aug-18,27991.75,28178.15,27953.8,28128.55,156310659,4475.5
20-Aug-18,28171.65,28322.3,28171.65,28274.25,177840658,3902.35
21-Aug-18,28295.85,28305.95,28151.9,28257.9,142439166,3981.61
23-Aug-18,28321.95,28325.45,27965.35,28027.9,133387354,4353.4
24-Aug-18,27954.25,28122.75,27782.8,27834.7,169952869,4734.87
27-Aug-18,27971.25,28317.75,27958.2,28264.2,146706980,4960.34
28-Aug-18,28379.9,28388.65,28152.7,28269.65,144026112,4298.92
29-Aug-18,28233.4,28344.1,28167.8,28224.1,168875762,5230.8
30-Aug-18,28233.7,28233.7,27961.75,28103.25,186360757,6092.45
31-Aug-18,27998,28157.35,27940.95,28061.75,229622699,7069.12
3-Sep-18,28199.45,28203.2,27777.4,27819.5,127011210,3746.12
4-Sep-18,27845.55,27875.15,27385.85,27430.75,165858496,4714.18
5-Sep-18,27409.3,27506.3,27136.05,27376.05,131880484,3854.47
6-Sep-18,27464.25,27552.8,27246.25,27468.7,120287292,3808.19
7-Sep-18,27439.25,27512.5,27232.8,27481.45,144905496,4409.73
10-Sep-18,27395.2,27404.85,27142.55,27201.75,178147552,6363.64
11-Sep-18,27295.2,27318.45,26772.25,26807.5,160826279,5575.27
12-Sep-18,26895.15,26895.15,26555.15,26819.2,174201027,4921.26
14-Sep-18,27059.85,27205.75,26989.8,27163.85,136633270,4403.1
17-Sep-18,27002.6,27002.6,26743.4,26820.3,115283101,3192.51
18-Sep-18,26757,26901.05,26407.45,26441.45,308575632,6201.28
19-Sep-18,26532,26611.6,26235.7,26277.35,244393690,5745.5
21-Sep-18,26331.05,26490.4,25053.35,25596.9,547285580,14634.54
24-Sep-18,25645.05,25649.7,24904.5,24970.35,272396270,7233.55
25-Sep-18,24947.7,25406.95,24678.25,25330.35,329548199,8339.92
26-Sep-18,25525.1,25525.1,25197.35,25376.3,215055339,5556.79
27-Sep-18,25442.1,25452.5,25007.05,25042.15,262822577,6524.63
28-Sep-18,25135.8,25354.7,24919.25,25119.85,367109389,7890.09
1-Oct-18,24943.9,25412.15,24707.65,25367,304703170,8248.86
3-Oct-18,25290.55,25470.05,25026.35,25069.9,261054513,7025.24
4-Oct-18,24735.15,24893.4,24501.05,24819.3,245813411,6980.52
5-Oct-18,24741.65,25080.2,24250.65,24443.45,230429144,6217.03
8-Oct-18,24470.75,24745.35,24240.05,24618.35,223867274,5799.32
9-Oct-18,24703.65,24759.9,24464.9,24527.65,175374004,4179.44
10-Oct-18,24596.6,25371.15,24559.9,25321.7,227005049,5962.1
11-Oct-18,24541.75,24940.1,24493.7,24783.95,255410789,6721.36
12-Oct-18,25001.95,25484.2,24975.45,25395.85,200602244,5803.45
15-Oct-18,25444,25466.2,25147.8,25388.05,146636264,4393.26
16-Oct-18,25414.2,25707.05,25351.8,25589.65,226063396,5917.4
17-Oct-18,25839.1,25915.35,25101.95,25188.6,182759960,4927.19
19-Oct-18,24966.5,25277.9,24922.65,25085.8,200900442,5390.27
22-Oct-18,25484.25,25504.75,25021.35,25078.6,172423369,6136.64
23-Oct-18,24786.9,25124.6,24784.9,24972.45,144911236,5373.28
24-Oct-18,25312.7,25356.9,24839.65,25064.2,176623910,5399.39
25-Oct-18,24841.5,24977.35,24696.85,24817.45,215033794,6855.91
26-Oct-18,24771.85,24771.95,24353.1,24421.05,219130974,5370.59
29-Oct-18,24647.95,25023.75,24404.55,24959.7,279844102,8145.83
30-Oct-18,24924.75,25121.5,24686.85,24807.75,257591034,6320.86
31-Oct-18,24823.8,25201.3,24528.35,25153.25,241789641,6831.52
1-Nov-18,25285.2,25401.6,25129.45,25323.65,216612149,6629.38
2-Nov-18,25545.35,25856.25,25499.15,25701.65,297782501,7743.94
5-Nov-18,25731.55,25788.2,25534.4,25732.2,188023500,5530.01
6-Nov-18,25747.4,25860.75,25558.35,25598,162090341,5015.97
7-Nov-18,25818.1,25824.4,25698.1,25737.5,18966564,498.12
9-Nov-18,25742.55,25822.75,25598.75,25771,145005871,4275.96
12-Nov-18,25816.15,25907.2,25495.1,25539.75,115950746,3409.51
13-Nov-18,25422,25796.5,25384.55,25768.6,141869413,3960.71
14-Nov-18,25952.4,26045.05,25806.7,25930.15,194940269,6211.45
15-Nov-18,25946.2,26197.6,25728,26154.75,171790148,4842.53
16-Nov-18,26205.35,26332.75,26122.55,26245.55,235671044,6161.73
19-Nov-18,26364.6,26379.1,26204.35,26300.7,172343045,4593.46
20-Nov-18,26211.5,26259.4,26041.8,26113.35,189681759,4547.93
21-Nov-18,26105.45,26342.05,26060.55,26262.05,159319280,4105.57
22-Nov-18,26233.65,26323.95,25947.85,25999.45,153931487,3578.29
26-Nov-18,26096,26396.6,26025.05,26365.6,174542785,4851.74
27-Nov-18,26286.1,26491.25,26268.65,26443.1,176101916,4878.41
28-Nov-18,26489.65,26584.95,26419.65,26457.95,255358541,6055.94
29-Nov-18,26641.6,27003.75,26577.15,26939.6,472107464,11697.23
30-Nov-18,27009.3,27012.7,26764.9,26862.95,228852954,5768.23
3-Dec-18,27032.9,27037.1,26791.65,26857.55,205823981,4958.19
4-Dec-18,26809.5,26843.8,26644.75,26693.8,172608502,4095.43
5-Dec-18,26572.1,26627.35,26443.65,26519.6,144478743,4026.28
6-Dec-18,26339.1,26359.9,26149.45,26198.3,139141747,3758.91
7-Dec-18,26307.4,26659.7,26252.1,26594.3,185529990,7950.15
10-Dec-18,26073.65,26336.2,26072,26102.65,156932519,5857.99
11-Dec-18,25602.25,26227.9,25598.95,26163.4,264187458,7737.87
12-Dec-18,26286.25,26672.7,26214.75,26643.85,215679380,5612.44
13-Dec-18,26844.15,26951.45,26723.65,26816.35,236399763,5611.02
14-Dec-18,26810.85,26909,26732.7,26826,168458080,3706.72
17-Dec-18,26915.45,27051.4,26908.6,27015.8,118695599,3813.3
18-Dec-18,26917.3,27210.05,26840.8,27174.7,158144343,3755.54
19-Dec-18,27229.05,27364.35,27214.3,27298.4,215616915,5199.28
20-Dec-18,27128.65,27309.1,27084.5,27275.1,191698257,4427.58
21-Dec-18,27261.25,27369.1,26823.1,26869.65,177065617,4099.45
24-Dec-18,26877.05,26934.85,26676.95,26714.75,128003648,2772.52
26-Dec-18,26634,27029.15,26408.15,26986.8,148910853,3447.39
27-Dec-18,27200.65,27239.95,26845.1,26878.55,169903194,4347.66
28-Dec-18,27048.4,27213.45,27039.6,27125.25,109836090,3095.11
31-Dec-18,27267.8,27286.5,27105,27160.2,83813951,2374.23
1-Jan-19,27231.4,27430.55,27019.05,27392.4,116379065,3497.39
2-Jan-19,27297,27397.55,27077.6,27174.7,176599164,4422.44
3-Jan-19,27181.6,27206.2,26923.75,26959.85,151201387,4032.83
4-Jan-19,26999.7,27274.5,26926.1,27195,189451222,4440.79
7-Jan-19,27378.65,27477.8,27279.55,27304.55,161026470,4112.84
8-Jan-19,27301.9,27542.4,27161.95,27509.5,150550286,4359.43
9-Jan-19,27651.25,27754.45,27409.5,27720.4,199818392,6148.74
10-Jan-19,27713.55,27713.55,27488.2,27528.55,139266179,4308.94
11-Jan-19,27602.8,27612.45,27382.45,27453.9,116552104,3510.63
14-Jan-19,27389.2,27389.8,27182.2,27248.25,212863498,4859.32
15-Jan-19,27317.55,27447.55,27317.1,27400.75,161396521,3884.4
16-Jan-19,27405.65,27554.75,27403.05,27483.7,183688179,4155.93
17-Jan-19,27568.6,27611.55,27335.15,27528.75,212321274,4941.09
18-Jan-19,27550.05,27576.45,27410.65,27456.7,129067258,3343.81
21-Jan-19,27514.55,27622.2,27388.5,27533.6,128881764,4626.77
22-Jan-19,27526.55,27533.35,27385.4,27482.25,138997867,4661.51
23-Jan-19,27493.1,27564.7,27189.6,27250.75,126935738,3525.23
24-Jan-19,27273.5,27342.35,27142.8,27266.4,210279603,5373.42
25-Jan-19,27261.45,27433.55,27045.2,27115.3,284535180,7269.49
28-Jan-19,27041.45,27134.2,26587.95,26653.05,181836992,5404.63
29-Jan-19,26616.25,26743.85,26441.55,26573.4,194369347,5235.15
30-Jan-19,26789.75,26916.25,26693.7,26825.5,249270714,8955.81
31-Jan-19,26969.15,27325.05,26891.05,27295.45,306292995,9985.48
1-Feb-19,27334.55,27533.05,26930.45,27085.95,238794913,6813.15
4-Feb-19,26974,27243.8,26825.55,27186.6,173078574,4342.07
5-Feb-19,27226.05,27348.25,27153.2,27271.7,189860429,4160.27
6-Feb-19,27326.2,27428.65,27294.1,27402.35,164747849,3816.51
7-Feb-19,27424.1,27589.75,27322.95,27387.15,156626117,3637.06
8-Feb-19,27302.65,27482.1,27221.25,27294.4,142258447,3838.29
11-Feb-19,27240.5,27305.9,27151.55,27227.8,117311228,3186.38
12-Feb-19,27166.9,27286.65,26988.9,27010.75,117431255,3697.43
13-Feb-19,27068.85,27108,26839.05,26885.4,112116513,3288.32
14-Feb-19,26978,27030,26818.05,26970.6,374943572,8959.41
15-Feb-19,27017.2,27029.95,26635.25,26794.25,252673681,6444.39
18-Feb-19,26754.6,26829.95,26617.7,26654.25,175449436,4231.5
19-Feb-19,26666.55,26996.45,26625.6,26684.85,129759984,3282.94
20-Feb-19,26786,26985.5,26732.65,26955.5,130711905,3256.71
21-Feb-19,26994.75,27100.9,26973,27052.4,148275410,3574.09
22-Feb-19,26960.05,26997.35,26847.8,26867.55,221450091,13958.07
25-Feb-19,26934.2,27197.1,26932.65,27159.25,141100629,4254.38
26-Feb-19,26853.8,27127.25,26736.6,26952.95,201083249,5390.59
27-Feb-19,27078.1,27189.45,26719.4,26799.3,193745424,5604.59
28-Feb-19,26878,26920.5,26762.55,26789.9,191588675,6926.21
1-Mar-19,26941,27076.55,26928.9,27043.9,189425878,4531.37
5-Mar-19,27068.15,27580.75,26958.1,27554.05,207435129,5122.25
6-Mar-19,27618.1,27681.65,27492.05,27625.65,179778089,4966.69
7-Mar-19,27661,27815.5,27560,27764.6,208017462,4715.54
8-Mar-19,27686.15,27811.35,27645.4,27761.8,140524297,3711.24
11-Mar-19,27840.1,28035.6,27791.25,27966.65,148235712,4381.47
12-Mar-19,28168.2,28488.1,28142.25,28443.7,184260495,6427.57
13-Mar-19,28480.3,28927.7,28353.65,28884.3,206998023,9124.75
14-Mar-19,29028.9,29070.35,28819.75,28923.1,187139544,6138.11
15-Mar-19,29007,29520.7,28990.85,29381.45,296217360,9607.37
18-Mar-19,29521.6,29812,29361.65,29596.1,185741004,5835.92
19-Mar-19,29702.6,29799.75,29547.7,29767.85,222296391,5295.3
20-Mar-19,29769.65,29885.2,29633.5,29832.2,194921072,5196.81
22-Mar-19,29920.75,30008.1,29508.7,29582.5,219823784,6622.27
25-Mar-19,29329.4,29329.4,29156.25,29281.2,132018394,3876.07
26-Mar-19,29300.4,29950.15,29278.5,29882.15,131212876,4159.59
27-Mar-19,30034.15,30262.55,29790.25,30019.8,260544922,8006.3
28-Mar-19,30064.8,30496.05,29969.1,30420.55,292110701,9523.9
29-Mar-19,30480.35,30499.15,30235.9,30426.8,219687116,6217.73
1-Apr-19,30537.6,30648.1,30218.35,30326.5,224440509,5594.91
2-Apr-19,30450.1,30452.9,30155.85,30354.25,196482019,5205.38
3-Apr-19,30440.85,30602.55,30036.25,30093.3,193071867,5203.95
4-Apr-19,30147.3,30245.7,29809.9,29904.9,199631082,5460.27
5-Apr-19,30002.85,30174,29850,30084.65,154141037,4130.84
8-Apr-19,30201.5,30232.05,29716.6,29845.3,147201421,3687.89
9-Apr-19,29901.5,30165.05,29703.55,30113.85,165462138,4788.34
10-Apr-19,29916.6,30155.75,29768.1,29803.5,165250173,9946.96
11-Apr-19,29841.85,29852.25,29640.25,29786.1,108247929,3168.46
12-Apr-19,29780.55,30000.95,29707,29938.55,104858970,3137.74
15-Apr-19,29983.5,30163.1,29919.1,30104.25,90613632,3071.18
16-Apr-19,30236.25,30590.95,30228.2,30531.35,117822281,4223.74
18-Apr-19,30656.5,30669.8,30142.2,30223.4,141697748,4610.68
22-Apr-19,30282.5,30289.9,29647.55,29687.95,132778018,4647.04
23-Apr-19,29761.95,29906.5,29455.45,29479.7,145857126,4502.93
24-Apr-19,29550.5,29914.85,29435.05,29860.8,129529258,4477.27
25-Apr-19,29927.05,30057.7,29511.95,29561.35,201016367,6526.09
26-Apr-19,29764.85,30048.2,29563.15,30013.5,158188658,5736.29
30-Apr-19,29920.4,29920.4,29550.05,29764.8,362563145,9257.75
2-May-19,29699.8,29919.35,29638.8,29708.6,242309997,6830.49
3-May-19,29811.65,30121.75,29795.1,29954.15,181379119,5248.1
6-May-19,29626.5,29757.4,29528.6,29618.45,188230212,4787.11
7-May-19,29749.55,29835.5,29244.25,29288.2,180581999,5340.05
8-May-19,29261.3,29261.3,28951.35,28994.4,179421775,4926.02
9-May-19,28893.95,29040.3,28784.65,28884.6,206029474,5196.87
10-May-19,28927.6,29202.85,28900.1,29040.5,223514610,6070.63
13-May-19,29026.65,29049.05,28621.1,28659.95,253600119,5356.35
14-May-19,28718.75,29058.3,28582.6,28829.2,256593306,6110.47
15-May-19,28925.45,28983.15,28555.15,28616.45,218778407,5126.91
16-May-19,28625.9,28947.6,28525.45,28855.3,189440058,4501.11
17-May-19,28881.4,29559.45,28856,29450.15,257111157,6489.1
20-May-19,30230.4,30827.85,30111.2,30759.7,321102950,9217.22
21-May-19,30862.1,30926.7,30265.1,30308.4,216423886,5968.41
22-May-19,30410.65,30675.1,30268.6,30526.8,224425509,7602.5
23-May-19,30962.8,31705,30292.35,30409.1,494083740,14547.69
24-May-19,30685.5,31275.4,30564.4,31212.55,282765890,7946.04
27-May-19,31234.9,31700.75,31142.5,31647.65,239161158,6533.11
28-May-19,31711.3,31712.4,31328.6,31597.9,297603975,6998.27
29-May-19,31459.25,31546.75,31257.9,31295.55,205161779,5053.9
30-May-19,31256.85,31619.25,31236.1,31537.1,202699071,5776.18
31-May-19,31678.9,31783.6,30623.05,31375.4,230847583,7113.52
3-Jun-19,31406.05,31674.6,31284.7,31653.65,160090476,4443.9
4-Jun-19,31532.9,31752.7,31512.95,31589.05,172424592,4627.37
6-Jun-19,31523.95,31541.5,30800.8,30857.4,283140588,7895.98
7-Jun-19,30943.15,31139.6,30627.05,31066.55,215267224,5593.78
10-Jun-19,31259.2,31367.4,30861.3,31034,208614002,4870.64
11-Jun-19,31172.25,31399.35,30973.35,31265.45,188115329,4371.7
12-Jun-19,31219.3,31222.3,30911.45,30965.7,143703508,3787.08
13-Jun-19,30876.75,31036.9,30638.25,30976.1,341891022,7587.55
14-Jun-19,30983.45,31032.65,30508.95,30614.35,255356460,6366.06
17-Jun-19,30652,30684.05,30249.4,30273.25,184466679,5401.37
18-Jun-19,30299.45,30550.65,30222.85,30351,241865592,6147.16
19-Jun-19,30526.5,30699.15,30242,30362.1,252889076,5825.47
20-Jun-19,30390.2,30824.55,30220.7,30781.1,293131675,6983.33
21-Jun-19,30804.95,30804.95,30541.5,30628.35,238841807,6101.47
24-Jun-19,30680.95,30783.65,30528,30602.05,165301524,4081.42
25-Jun-19,30567.65,30913.25,30451.4,30847.05,145143905,4155.46
26-Jun-19,30809.2,31202.7,30766.65,31162.35,-,-
27-Jun-19,31192.1,31490.6,31158.8,31269.5,231102423,7463.55
28-Jun-19,31281,31308.9,31060.6,31105.2,223608802,5576.56
1-Jul-19,31271,31450.35,31246.45,31372.2,133169266,3607.35
2-Jul-19,31414.65,31431.35,31105.1,31283.3,233874612,4640.78
3-Jul-19,31347.7,31467.15,31238.5,31382.3,224146516,4953.49
4-Jul-19,31471,31608.35,31428.05,31471.85,242985504,5416.41
5-Jul-19,31523.05,31660.75,31323.25,31475.8,384291668,7011.16
8-Jul-19,31346.85,31370.4,30536.75,30603.85,390494875,6895.32
9-Jul-19,30533.4,30702.1,30346.7,30569.15,259250655,5474.22
10-Jul-19,30618.05,30728.35,30428.6,30522.1,184326854,4611.79
11-Jul-19,30707,30788.05,30565.35,30716.55,173564485,4583.76
12-Jul-19,30789.75,30870.95,30548.3,30601.45,156245254,5095.02
15-Jul-19,30688.85,30695.7,30334.2,30445.95,223023061,4915.44
16-Jul-19,30532.65,30635,30429.9,30570.8,369337661,6823.01
17-Jul-19,30622.25,30799.7,30568.3,30735.5,367511522,7421.74
18-Jul-19,30705.8,30769.35,30378.6,30430.6,352029779,6272.1
19-Jul-19,30515.1,30543.75,29705.75,29770.35,287392672,6710.7
22-Jul-19,29617.05,29635.15,29194.1,29284.95,350333275,7453
23-Jul-19,29342.45,29365.8,29078.15,29128.1,333503030,7830.82
24-Jul-19,29085.45,29252.4,28871,28952.25,244078618,5657.91
25-Jul-19,28981.05,29240.8,28931.05,29043.05,296560592,6680.01
26-Jul-19,29062.5,29379.1,28994.5,29325.3,383572807,6093.26
29-Jul-19,29583.45,29592.95,29104.85,29295.9,303508229,6738.65
30-Jul-19,29434.85,29530.3,28737.8,28791.6,301282413,7641.56
31-Jul-19,28575.45,28979.75,28529.75,28876,346506962,10237.68
1-Aug-19,28660.5,28819.7,28047.35,28367.25,282236909,7707.97
2-Aug-19,28224.25,28544.55,27936.35,28204.95,319929406,8849.25
5-Aug-19,27841.2,27866.55,27389.5,27648.05,334367503,7912.63
6-Aug-19,27518.5,28148.4,27503.9,28022.1,291001441,7032.3
7-Aug-19,28053.85,28175.55,27641.85,27702.05,353400945,7335.22
8-Aug-19,27840.1,28227.55,27531.05,28110.45,303596759,7133.44
9-Aug-19,28293.65,28602.75,28251.75,28431.9,336826632,7347.48
13-Aug-19,28356.8,28358.85,27683.5,27729.1,335809590,5984.53
14-Aug-19,27885.5,28107.05,27726.65,28019.2,290413445,5104.33
16-Aug-19,27920.3,28251.05,27720.95,28217,274020219,5157.25
19-Aug-19,28331.25,28468.9,28146.5,28186.1,241810912,4525.25
20-Aug-19,28163.55,28215.4,27839.65,27982.45,288236399,5073.04
21-Aug-19,28021,28098.9,27666.2,27719.05,358841104,5315.64
22-Aug-19,27690.05,27690.05,26975.55,27034.2,465070847,6452.46
23-Aug-19,26835.35,27207.3,26560.6,26958.65,485538647,7843.57
26-Aug-19,27663.95,27995.25,26859.35,27951.35,519219181,8927.81
27-Aug-19,28106.3,28277.7,27960.8,28126.15,386839458,7802
28-Aug-19,28080.25,28095.55,27634.65,27804.3,384111651,6674.3
29-Aug-19,27694.95,27719.05,27239.95,27305.2,377438481,7339.26
30-Aug-19,27407.9,27586.5,27121.95,27427.85,427077225,8056.5
3-Sep-19,27239.2,27247.05,26742.6,26824.15,392427883,6171.33
4-Sep-19,26785.95,27278.7,26641.35,27123.85,309520214,5990.87
5-Sep-19,27086.95,27243.95,26815.4,26919.7,327083693,5826.31
6-Sep-19,26986.5,27311.05,26950.55,27247.9,251986487,4874.57
9-Sep-19,27240.35,27565.55,26993.9,27504.65,286110458,5197.2
11-Sep-19,27639.05,27829.65,27551.65,27776.2,467414755,6677.77
12-Sep-19,27870.8,28062.3,27764.7,27818.5,377820739,6469.22
13-Sep-19,27772,28126.85,27573.45,28098.75,438497830,6752.69
16-Sep-19,27868,28066.7,27798.85,27855,234062573,4463.98
17-Sep-19,27765.1,27851.4,27047.95,27131.75,277762547,5449.45
18-Sep-19,27304.7,27414.45,27088.8,27172.65,307775512,5314.41
19-Sep-19,27175.45,27175.45,26643,26757.65,450436905,6050.19
20-Sep-19,26878.65,29418.95,26727.55,28981.55,844582360,18185.99
23-Sep-19,30039.4,30801.3,29776.3,30566.2,552171387,14401.9
24-Sep-19,30432,30668.1,29889.55,30183.1,348810197,8157.62
25-Sep-19,30029.05,30067.6,29470.1,29586.05,352814285,8112.37
26-Sep-19,29640.55,30718.35,29627,30002.6,540435004,11367.6
27-Sep-19,29974.95,30112.65,29711.35,29876.65,464096458,7011.82
30-Sep-19,29674.8,29754.4,28943.45,29103.15,580252025,9447.47
1-Oct-19,29226.15,29526.4,28077.35,28725.5,1187313940,15321.69
3-Oct-19,28606.7,28769.1,28240.8,28414.1,825756750,10519.65
4-Oct-19,28681.9,28730.3,27653.7,27731.85,732719135,9504.35
7-Oct-19,27909.9,28185.15,27568.35,27767.55,554307096,8314.79
9-Oct-19,27901.65,28857.7,27702.05,28785.85,574832720,8826.87
10-Oct-19,28542.95,28552.75,27914.15,28013.45,381151128,6867.09
11-Oct-19,28245.55,28604.05,27736.8,28042.5,558917279,8470.43
14-Oct-19,28238.5,28553.4,28043.25,28181.95,387660772,5919.07
15-Oct-19,28257.85,28694.85,28186.25,28555.1,350926458,5599.17
16-Oct-19,28689.45,28759.35,28305.4,28538.8,400383734,6136.08
17-Oct-19,28596.35,29049.05,28487.95,28989.45,617849861,7434.75
18-Oct-19,28954.8,29249.5,28864.1,29120.25,605170183,7459.77
22-Oct-19,29416.25,29690,29231.2,29411.15,582221306,8753.58
23-Oct-19,29478.85,29643.8,29214.05,29459.6,497765615,8082.3
24-Oct-19,29604.35,29693.25,28994.2,29107.95,439980796,7551.17
25-Oct-19,29228.65,29452.1,28923.8,29395.95,-,-
27-Oct-19,29605.4,29644.45,29446.8,29516.3,110013856,1489.52
29-Oct-19,29527.6,29997.65,29385.45,29873.05,567556033,8794.15
30-Oct-19,30005.7,30151.1,29753,29987.5,448802636,7242.26
31-Oct-19,30168.65,30415.65,29987.15,30066.25,1186433992,15535.72
1-Nov-19,30196.15,30409,30028.9,30330.55,646745938,9226.12
4-Nov-19,30415.9,30607.05,30227.25,30333.1,613019002,7721.63
5-Nov-19,30403.25,30452.7,30091.35,30219.85,534711559,7772.51
6-Nov-19,30225.2,30699,30013.65,30609.6,403957809,6876.72
7-Nov-19,30722.6,30821.35,30462.55,30633.15,364819481,7186.41
8-Nov-19,30571.3,31108.4,30504.05,30749.4,620047286,10804.54
11-Nov-19,30664.65,31205.2,30625.8,31115.55,422777530,7377.8
13-Nov-19,31084.75,31198.5,30488.1,30541.55,474514279,7993.03
14-Nov-19,30615.8,30789.2,30338.35,30749.95,383307292,7906.64
15-Nov-19,30912.4,31165.45,30860.7,31008.4,393946823,9304.25
18-Nov-19,31036.8,31203.55,30901.85,30992.1,331730315,6249.74
19-Nov-19,31045.15,31298.05,30974.3,31236.25,429946749,7988.03
20-Nov-19,31292.35,31471.65,31205.55,31353.85,418997557,7712.76
21-Nov-19,31413.25,31463.15,31243,31349.95,296147991,6836.85
22-Nov-19,31389.6,31394.2,31055.2,31111.6,257772972,5313.89
25-Nov-19,31065.1,31591.6,31049.75,31555.9,317309578,6108.08
26-Nov-19,31692.85,31850.35,31465.85,31718.35,856689798,22529.25
27-Nov-19,31832.75,31916.8,31734.5,31875.95,417569581,7883.95
28-Nov-19,31981.7,32157.05,31905.9,32122.95,498304741,9846.6
29-Nov-19,32074.15,32086.95,31770.8,31946.1,667784235,9376.34
